-- MySQL dump 10.13  Distrib 5.7.12, for Win32 (AMD64)
--
-- Host: 127.0.0.1    Database: mawar_mawared
-- ------------------------------------------------------
-- Server version	5.5.5-10.1.13-MariaDB

/*!40101 SET @OLD_CHARACTER_SET_CLIENT=@@CHARACTER_SET_CLIENT */;
/*!40101 SET @OLD_CHARACTER_SET_RESULTS=@@CHARACTER_SET_RESULTS */;
/*!40101 SET @OLD_COLLATION_CONNECTION=@@COLLATION_CONNECTION */;
/*!40101 SET NAMES utf8 */;
/*!40103 SET @OLD_TIME_ZONE=@@TIME_ZONE */;
/*!40103 SET TIME_ZONE='+00:00' */;
/*!40014 SET @OLD_UNIQUE_CHECKS=@@UNIQUE_CHECKS, UNIQUE_CHECKS=0 */;
/*!40014 SET @OLD_FOREIGN_KEY_CHECKS=@@FOREIGN_KEY_CHECKS, FOREIGN_KEY_CHECKS=0 */;
/*!40101 SET @OLD_SQL_MODE=@@SQL_MODE, SQL_MODE='NO_AUTO_VALUE_ON_ZERO' */;
/*!40111 SET @OLD_SQL_NOTES=@@SQL_NOTES, SQL_NOTES=0 */;

--
-- Table structure for table `about`
--

DROP TABLE IF EXISTS `about`;
/*!40101 SET @saved_cs_client     = @@character_set_client */;
/*!40101 SET character_set_client = utf8 */;
CREATE TABLE `about` (
  `about_id` int(10) NOT NULL DEFAULT '0',
  `about_title_ar` varchar(150) NOT NULL,
  `about_title_en` varchar(150) NOT NULL,
  `about_jobtitle_ar` varchar(150) NOT NULL,
  `about_jobtitle_en` varchar(150) NOT NULL,
  `about_desc_ar` longtext,
  `about_desc_en` longtext,
  `about_image` varchar(45) NOT NULL,
  `about_team_type` varchar(45) NOT NULL,
  PRIMARY KEY (`about_id`)
) ENGINE=MyISAM DEFAULT CHARSET=latin1;
/*!40101 SET character_set_client = @saved_cs_client */;

--
-- Dumping data for table `about`
--

LOCK TABLES `about` WRITE;
/*!40000 ALTER TABLE `about` DISABLE KEYS */;
INSERT INTO `about` VALUES (1,'ØÇÑÞ ÇáÑÔÏÇä','Tareq Al Rashdan','ÇáÑÆíÓ ÇáÊäÝíÐí','Founder CEO','ØÇÑÞ ÇáÑÔÏÇä ÈÏÃ ãÓíÑÊå ãÚ ÇáÎØæØ ÇáÌæíÉ ÇáßæíÊíÉ Ýí ÚÇã 1992 ÈÚÏ ÍÕæáÉ Úáì ÇáãÄåá ÇáÚáãí Ýí ÅÏÇÑÉ ÇáÃÚãÇá ãä ÇáããáßÉ ÇáãÊÍÏÉ. æÞÏ ßÇä áå ÏæÑ ÝÚÇá Ýí ÊäÝíÐ ãÔÑæÚ ÏäÇÊÇ ÇáßæíÊ æßÇä ãÏíÑåÇ ÇáÚÇã ÍÊì íæáíæ 2004. æÞÏ ÞÇÏå ÍÈå ááäãæ Åáì ÅäÔÇÁ ÔÑßÊå ÇáÎÇÕÉ Ýí ÚÇã 2006 ÇáÊí ÃÕÈÍ áåÇ ÇáÂä ÏæÑ ÚÙíã Ýí ãäØÞÉ ÇáÔÑÞ ÇáÃæÓØ æÔãÇá ÃÝÑíÞíÇ Ýí Ùá ÞíÇÏÊå æÑÄíÊå ÇáÑÔíÏÉ. æÇáÓíÏ ØÇÑÞ áå ÃÓÇáíÈ ÝÑíÏÉ Ýí ÅÏÇÑÉ ÇáÃÚãÇá æãÚå ÝÑíÞ ÃÓÇÓí æÇáÐí áå ÏæÑ ÇáÞÇÆÏ ßãÇ åæ ÇáÂä','Tareq Al Rashdan started his career with Kuwait Airways in 1992 armed with a degree in Business from&nbsp;UK .&nbsp;Moving&nbsp;on ,&nbsp;he was instrumental in implementation of &nbsp;the Dnata&nbsp;Kuwait Project and was its General Manager till July 2004. &nbsp;His passion for growth led him to set up his own business in 2006 which has now set&nbsp;footprints &nbsp;in&nbsp;MENA region under his able leadership and vision . His unique ways in managing the business and his core team has made in the Leader as he is&nbsp;now.\r\n','Tareq_Al_Rashdan.jpg','management'),(2,'ãÔÇÑí ÇáÈäæÇä','Mishari A. Al Banwan','äÇÆÈ ÇáÑÆíÓ ÇáÊäÝíÐí','Deputy CEO','ÈÏÃ ãÔÇÑí ÇáÈäæÇä ÍíÇÊå ÇáãåäíÉ ãÚ ÈÑäÇãÌ ÅÚÇÏÉ åíßáÉ ÇáÞæì ÇáÚÇãáÉ æÇáÌåÇÒ ÇáÊäÝíÐí ßÈÇÍË Ýí ÇáÅÏÇÑÉ Ýí ÚÇã 2004. æåæ ÇáÂä Ýí ãÞÏãÉ ãÑßÒ ÇáÃÚãÇá áÔÑßÉ ãæÇÑÏ åÇæÓ¡ ßãÇ Ãäå íÞæÏ ÚãáíÉ ÇáÊäãíÉ Ýí ÞÓã ÇáãæÇÑÏ ÇáÈÔÑíÉ Ýí ÇáßæíÊ. æåæ ÃíÖÇ ÚÖæ ãäÊÎÈ Ýí ÇáÌãÚíÇÊ ÇáãÍáíÉ Ýí ÇáßæíÊ æáÏíå ÇÊÕÇáÇÊ æÇÓÚÉ ÈÑÄÓÇÁ ÇáÕäÇÚÉ. æáÏíå ÎÈÑÉ ÐÇÊ ÞíãÉ ßÈíÑÉ¡ æåæ íÚÏ ÇáæÞæÏ ÇáÐí íãÏ ÈÇáØÇÞÉ ÇáÌÏíÏÉ áÚãáíÇÊ ãÑßÒ ÇáÃÚãÇá ÈÇáãÌãæÚÉ.\r\n','Meshari Al Banwan started his career with Manpower Restructure and Development Authority as Management Researcher in 2004. He is now at the forefront of Mawared House&rsquo;s Business Centre concept and leads the Human Resources department in Kuwait. He&rsquo;s also an elected member of local Societies in Kuwait and has extensive connections with the industry heads. With invaluable experience,he fuels in new energy into the group&rsquo;s Business Centre operations.\r\n','Mishari_A._Al_Banwan.jpg','management'),(3,'ßæÔß ÌæÔ','Kaushik Ghosh','ÇáÑÆíÓ ÇáÊäÝíÐí ááÚãáíÇÊ','Chief Operating Officer','åæ ÚÖæ ÑÆíÓí Ýí ÝÑíÞ ÇáÅÏÇÑÉ. æíÞæã ÇáÓíÏ/ ßæÔß ÈãÚÇáÌÉ ßÇÝÉ ÇáÚãáíÇÊ ÇáÎÇÕÉ ÈÇáÔÑßÉ. æåæ íÔÇÑß ÈäÔÇØ Ýí ÇáÊÎØíØ ááÇÓÊÑÇÊíÌíÇÊ ÇáãÓÊÞÈáíÉ ááäãæ Ýí åÐå ÇáãäØÞÉ¡ æÅäÔÇÁ ÇáÚáÇãÉ ÇáÊÌÇÑíÉ áÔÑßÉ ãæÇÑÏ åÇæÓ.\r\n\r\næíÚÏ ÇáÓíÏ/ ßæÔß ÎÑíÌ ßáíÉ ÅÏÇÑÉ ÇáÃÚãÇá¡ æÞÏ ÍÕá Úáì ÎÈÑÊå ÇáÚÙíãÉ ãä ãÌãæÚÉ ßæäí ááÓÝÑíÇÊ æÔÑßÉ Ýí&nbsp;&nbsp;VFS&nbsp;ááÎÏãÇÊ ÇáÚÇáãíÉ æÇáÊí ßÇä íÚãá ÈåÇ Ýí æÞÊ ÓÇÈÞ. æáÏíå ÃßËÑ ãä ÚÞÏ ãä ÇáÎÈÑÉ Ýí ÇáßËíÑ ãä ÇáæÙÇÆÝ ãËá ÊØæíÑ ÇáÃÚãÇá¡ æÇáãÔÇÑíÚ æÇáÚãáíÇÊ æÇáÊí Êãßäå ÃÓÇÓÇ ãä ÅÖÇÝÉ ÞíãÉ ááãÓÇåãíä Ýí ÇáÚãá Ýí ÔÑßÉ ãæÇÑÏ&nbsp;åÇæÓ.','As a key member of the Management team Kaushik handles the entire operations of the company . He is actively involved in planning future strategies for growth in this region and establishment of the brand of Mawared House. A Business Graduate, Kaushik brings his valuable experience from the Kuoni Travel Group and VFS Global Services from his earlier stints. He has more than a decade of experience across functions like Business Development, Projects Rollout and Operations which essentially enables him in creating value for Stakeholders at Mawared House.\r\n','Kaushik_Ghosh.jpg','management'),(5,'ÑæÒíá ÏíÓæÒÇ','Roselle Dsouza','ãÏíÑ ÝÑÚ¡ ÇáßæíÊ','Country Manager, Kuwait','Åääí ÃÓÊãÊÚ ÈÇáÚãá ãÚ ÇáÃÝÑÇÏ åäÇ æáÏíäÇ ÅíãÇä Þæí Ýí Ãä Úãá ÇáÝÑíÞ íÍÞÞ ÇáãÒíÏ\r\n','I enjoy working with people here and strongly believe in the team factor &ndash;together everyone achieves more.\r\n','Roselle_Dsouza.jpg','employee'),(6,'ãÍãÏ ÂÕÝ ÇáÔíÎ','Mohammed Asif Shaikh','ãÏíÑ Ãæá ãÔÇÑíÚ','Senior Manager Projects','ãä ÃÞæÇáå &quot;áÞÏ ÓÇÚÏäí ÅáåÇã æÏÚã ÔÑßÉ ãæÇÑÏ&nbsp;åÇæÓ&nbsp;Ýí ÇáÓÚí äÍæ ÇáÊãíÒ\r\n','Mawared&nbsp;House, with its inspiration, support and gratitude has helped me to strive for excellence.\r\n','Mohammed_Asif_Shaikh.jpg','employee'),(7,'ÍÇãÏ ÚÑÈ','Hamid Arab','ãÏíÑ æÍÏÉ ÇáÚãáíÇÊ - ÇáÌÒÇÆÑ','Unit Manager&#8208;Operation Algeria','áÞÏ æÌÏÊ åäÇ ãÏì æÇÓÚ ãä ÇáÝÑÕ ááÚãá Ýí ÔÑßÉ ãÊÚÏÏÉ ÇáÌäÓíÇÊ æÇáÊØæÑ Ýí ÈíÆÉ ãÍÊÑÝÉ æãåäíÉ ÍíË íÚÊÈÑ ÇáÊÚáã ÌÒÁ áÇ íÊÌÒÃ ãä ÓíÇÓÉ ÇáÔÑßÉ\r\n','I found here a wide range of opportunities to work in a multinational and develop in a professional environment where learning is an integral part of company policy.\r\n','Hamid_Arab.jpg','employee'),(8,'ãÍãÏ ÑíÒÇ ÛÌÑíÉ','Mohammadreza Ghajariyeh','ÇáãÏíÑ ÇáÚÇã - ÅíÑÇä (ÃÑæÔÉ ÌÇÔÊ ÈÇÑíÔ)','Managing Director &#8208; Iran (Aroosha Gasht Parseh)','ãä ÏæÇÚí ÓÑæÑí ÇáÚãá Ýí ÔÑßÉ Êäãæ Ýí ÇáÇÊÌÇå ÇáÕÍíÍ ããÇ íÚØíäí ÇáãÑæäÉ æÇáÊÍÝíÒ æÇáÑÖÇ ÇáæÙíÝí\r\n','It is a pleasure to work for a company that is growing in right direction and gives me flexibility, motivation and satisfaction.\r\n','Mohammadreza_Ghajariyeh.jpg','employee'),(4,'ãÍãÏ ÃÓáã','Mohamed Aslam','ÇáÑÆíÓ ÇáãÇáí','CFO','ÊÎÕÕ Ýí ÏÇÑÓÉ ÇáÊÌÇÑÉ ãä ÌÇãÚÉ ßæáæãÈæ¡ æÚÖæ Òãíá Ýí ãÚåÏ ÇáãÍÇÓÈíä ÇáÞÇäæäííä ÇáãÚÊãÏíä (ÓÑí áÇäßÇ) æÌãÚíÉ ÇáãÍÇÓÈíä ÇáÅÏÇÑííä ÇáãÚÊãÏíä (ÓÑí áÇäßÇ)¡ ÃÓáã íÞæã ÈÅÏÇÑÉ ÇáÃÚãÇá ÇáãÇáíÉ ÈÇáßÇãá Ýí ÔÑßÉ ãæÇÑÏ åÇæÓ. æÚáì ãÏì ÃßËÑ 15ÚÇãÇð ãä ÇáÎÈÑÉ íÞæã ÇáÂä ÈÊØÈíÞåÇ ÝíãÇ íÊÚáÞ ÈÇáÊãæíá æÇáÚãáíÇÊ ÇáÅÏÇÑíÉ Ýí ãäÕÈå ÇáÍÇáí. æåæ íÚãá ÈÝÚÇáíÉ ãä ÃÌá ÊäÝíÐ ÇáÚãáíÇÊ ÇáÖÑæÑíÉ áÊÓåíá ÇáÚãáíÇÊ ÇáÊÌÇÑíÉ æÊÚÒíÒ ÇáÞíãÉ ÇáÊí íÍÕá ÚáíåÇ ÇáÚãíá.\r\n','A Commerce Major from the University of Colombo, and a fellow member of ICAI (Sri Lanka) and Society of Certified Management Accountants (Sri Lanka), Aslam manages the overall financial responsibilities at Mawared House. With over more than 15 years of experience Aslam infuses his valuable expertise in the subject of finance and administrative operations in his current role. He is instrumental in creating the necessary processes for easing business operations and enhancing client deliverable value.\r\n','Mohamed_Aslam.jpg','management'),(9,'ÒåÑí ÕÝæÇä','Zuhrie Safwan','ãÑÇÞÈ ãÇáí','Financial Controller','ÔÑßÉ ãæÇÑÏ åÇæÓ ÃãÏÊäí ÈÝÑÕÉ áÊäãíÉ äÝÓí æãæÇÌåÉ ÇáÊÍÏíÇÊ\r\n','Mawared provided me the opportunity to grow myself beyond number crunching.\r\n','Zuhrie_Safwan.jpg','employee'),(16,' ÓÑÝÑÇÒ ÇÍãÏ','Sarfaraz Ahmed','ÇáãÏíÑ ÇáãÇáí¡ ÇáßæíÊ','Finance Manager, Kuwait','ÇÚÊÈÑ äÝÓí ÌÒÁÇ ãä ÔÑßÉ ãæÇÑÏ&nbsp;åÇæÓ&nbsp;æÃäÇ ÝÎæÑ ÈÃä Ãßæä ÌÒÁÇ ãä åÐå ÇáãäÙãÉ ÇáÊí ÊÞÏÑ ÃÝßÇÑí æãÓÇåãÇÊí\r\n','I considered myself part of Mawared House and I am proud to be part of this organization which value my ideas and contributions.','Sarfaraz_Ahmed.jpg','employee'),(10,'ÏíäÇ ÇáÛæá','Dina El Ghoul','ãÏíÑ æÍÏÉ - áÈäÇä','Unit Manager &#8208; Lebanon','áÃääí ÃÑíÏ Ãä Ãßæä ÌÒÁÇ ãä ÞÕÉ äÌÇÍ','I want to be a part of a successful story\r\n','Dina_El_Ghoul.jpg','employee'),(11,'ÒÇåÑ ÕÚÈ','Zaher Saab','ãÏíÑ ÇáÚãáíÇÊ ÇáÅÞáíãí','Regional Operations Manager','Ãäí  ÃÚíÔ ÇáÊÌÑÈÉ ÇáÃßËÑ äÔÇØÇð æØÇÞÉ æãßÇÝÃÉ Ýí ãÓíÑÊí ÇáãåäíÉ. íÔÑÝäí Èßá ÊæÇÖÚ Ãä Ãßæä ÚÖæÇ Ýí åÐÇ \" ÇáÈíÊ \" ÇáÑÇÆÚ','I&#39;m living the most Energizing and Rewarding experience of my professional career . I&#39;m humbly honored to be a member of this wonderful &quot;HOUSE&quot;\r\n','Zaher_Saab.jpg','employee'),(12,'ÑÝíÞ ÔíÑÇß','Rafik Cherrak','ãÏíÑ ÝÑÚ - ÇáÌÒÇÆÑ','Country Manager &#8208;Algeria','ÅäåÇ ÈíÆÉ ÝÑíÏÉ ãä äæÚåÇ ÌÚáÊäí ÞÇÏÑÇð Úáì ãæÇÌåÉ ÇáÊÍÏíÇÊ¡ æÊÌÇæÒ ÇáÐÇÊ æåí ÃíÖÇ ÊãÏäí ÈÑæÍ ÇáÃÓÑÉ áãæÇÌåÉ ßá ÇáÕÚæÈÇÊ\r\n','A unique environment made to face challenges, self&#8208;transcendence but also a family spirit to face all difficulties\r\n','Rafik_Cherrak.jpg','employee'),(13,'ÝÇØãÉ ÇáÒåÑÇÁ ÈæÑÇÔÏ','Fatima Zohra Berrached','ãÏíÑ ÇáÚãáíÇÊ¡ ÇáÌÒÇÆÑ','Operations Manager, Algeria','Ãääí ÃÍÈ ÇáÚãá åäÇ äÙÑÇ áÈíÆÉ ÇáÚãá ÇáãÑíÍÉ.\r\n','I like to&nbsp;work &nbsp;here because of the comfortable &nbsp;working environment.\r\n','Fatima_Zohra_Berrached.jpg','employee'),(14,'ÓÇäÌíÈÇä ÊÔÇÊÑÌí','Sanjiban Chatterjee','ÑÆíÓ ÞÓã ÇáÚãáíÇÊ¡ ÇáãÛÑÈ','Head of Operations, Morocco','Ýí åÐå ÇáãäÙãÉ¡ íÊã ÇáãßÇÝÃÉ Úáì ÇáÚãá ÇáÌÇÏ æãä Ëã íÓãÍ áí åÐÇ ÈÇáÓÚí äÍæ ÇáÊãíÒ\r\n','Hard work &amp; Goodness are rewarded in this organization which allows me to strive for excellence.\r\n','Sanjiban_Chatterjee.jpg','employee'),(15,'äÇÆá ÕÏÞÉ','Nael Sadaqa','ÇáãÏíÑ ÇáÚÇã','General Manager','Çäå áÔÑÝ ÚÙíã áí ÇáÚãá ãÚ ÒãáÇÁ ãÎáÕíä æÝí Ùá ãäÙãÉ ãÔåæÑÉ ÊÚãá ßáåÇ ÊÍÊ ãÙáÉ ÏÈáæãÇÓíÉ\r\n','It is a great honor for me to work with sincere colleagues and famous organization all under diplomatic umbrella.\r\n','Nael_Sadaqa.jpg','employee'),(17,'ãÍãÏ åáÇá','Mohammed Hilal','ãÔÑÝ ÇáãæÇÑÏ ÇáÈÔÑíÉ æÇáÅÏÇÑÉ , ÇáßæíÊ','HR & Admin Supervisor, Kuwait','ÃäÇ ÝÎæÑ ÈÃäí ßäÊ ãÚ ãæÇÑÏ åÇæÓ ãäÐ ÈÏÇíÊåÇ','I am proud that I am with Mawared House Since beginning.\r\n','Mohammed_Hilal.jpg','employee'),(18,'ÇÈæÈßÑ ÃíÊ ÈæáãäÇÒá','Aboubakre Ait Boulmanzil','ãÓÄæá Úä æÍÏÉ','Unit manager','<strong>æÑÇÁ ßá ÎÏãÇÊ ããÊÇÒÉ¡ ÊÌÏ ÔÑßÉ ÑÇÆÏÉ ãæÇÑÏ åÇæÓ</strong>\r\n','<strong>Behind Great service lies great company Mawaredhouse</strong>\r\n','Aboubakre_Ait_Boulmanzil.jpg','employee'),(19,'ÇáÊåÇãí ÇáÔÇãí','Thami Ech chami','ãÓÄæá Úä æÍÏÉ ','Unit manager','<p dir=\"rtl\"><strong>ãÚ ÔÑßÉ ãæÇÑÏ åÇæÓ ¡ ÊÚáãÊ Çä ÎÏãÉ ÇáÒÈÇÆä ãæÞÝ ÔÎÕí æáíÓ ãÕáÍÉ ÇÏÇÑíÉ</strong>\r\n','<strong>With Mawaredhouse I learnt that Customer service is an attitude not a department.</strong>\r\n','Thami_Ech_chami.jpg','employee'),(20,'ÚÇÏá ÇáæÒíÑ','ADIL  LOUAZIR','ãÏíÑ æÍÏÉ','Unit Manager Tetuan - Tanger','<strong>ÏÇÆãÇ ÈÐá ÞÕÇÑì ÌåÏßã. ãÇ ÒÑÚ ÇáÂä¡ ÓæÝ íÍÕÏ Ýí æÞÊ áÇÍÞ.</strong><br />\r\n&nbsp;\r\n','<strong>Always do your best. What you plant now, you will harvest later&quot;.</strong>\r\n','ADIL__LOUAZIR.jpg','employee');
/*!40000 ALTER TABLE `about` ENABLE KEYS */;
UNLOCK TABLES;

--
-- Table structure for table `adminlog`
--

DROP TABLE IF EXISTS `adminlog`;
/*!40101 SET @saved_cs_client     = @@character_set_client */;
/*!40101 SET character_set_client = utf8 */;
CREATE TABLE `adminlog` (
  `admin_id` int(10) NOT NULL DEFAULT '0',
  `admin_log` varchar(50) DEFAULT NULL,
  `admin_password` varchar(50) CHARACTER SET latin1 COLLATE latin1_general_ci DEFAULT NULL,
  PRIMARY KEY (`admin_id`)
) ENGINE=MyISAM DEFAULT CHARSET=latin1;
/*!40101 SET character_set_client = @saved_cs_client */;

--
-- Dumping data for table `adminlog`
--

LOCK TABLES `adminlog` WRITE;
/*!40000 ALTER TABLE `adminlog` DISABLE KEYS */;
INSERT INTO `adminlog` VALUES (1,'Admin','m@85%h');
/*!40000 ALTER TABLE `adminlog` ENABLE KEYS */;
UNLOCK TABLES;

--
-- Table structure for table `content`
--

DROP TABLE IF EXISTS `content`;
/*!40101 SET @saved_cs_client     = @@character_set_client */;
/*!40101 SET character_set_client = utf8 */;
CREATE TABLE `content` (
  `content_id` int(10) NOT NULL DEFAULT '0',
  `content_title_ar` varchar(150) DEFAULT NULL,
  `content_title_en` varchar(150) DEFAULT NULL,
  `content_desc_ar` longtext,
  `content_desc_en` longtext,
  `content_photo` varchar(50) DEFAULT NULL,
  PRIMARY KEY (`content_id`)
) ENGINE=MyISAM DEFAULT CHARSET=latin1;
/*!40101 SET character_set_client = @saved_cs_client */;

--
-- Dumping data for table `content`
--

LOCK TABLES `content` WRITE;
/*!40000 ALTER TABLE `content` DISABLE KEYS */;
INSERT INTO `content` VALUES (1,'ãÑÍÈÇ Èßã Ýí ãæÇÑÏ åÇæÓ','About Us','<p>áã íßä ÛÑíÈÇ ÇÓÊÎÏÇãäÇ áÇÓã &quot; ãæÇÑÏ &quot; ßÚäæÇä ááÔÑßÉ º ÝÇáãæÇÑÏ ÇáÈÔÑíÉ åí ÌæåÑ ÊÎÕÕäÇ º ãä ãÑÇßÒ ÊÞÏíã ÇáÊÃÔíÑÇÊ Çáì ÎÏãÇÊäÇ Ýí ãÌÇá ÇáÓíÇÍÉ æÇáÓÝÑ íáÚÈ ÇáÚäÕÑ ÇáÈÔÑí áÏíäÇ ÏæãÇ ÏæÑÇ ÝÚÇáÇ . ÈÊÃÓíÓåÇ Ýí 2006 ÈÏÃÊ &quot; ãæÇÑÏ åÇæÓ ááÊÌÇÑÉ ÇáÚÇãÉ æÇáãÞÇæáÇÊ&quot; ãÔæÇÑåÇ áÊÞÏíã ÃÝÖá ÇáÎÏãÇÊ áÚãáÇÆåÇ Íæá ÇáÚÇáã .</p>\r\n\r\n<p>ÈÝÊÑÉ ÞÕíÑÉ ÇÓÊØÇÚÊ &quot;ãæÇÑÏ åÇæÓ&quot; Ãä ÊÎØæ ÎØæÇÊ æÇÓÚÉ áÊäÔÑ æÌæÏåÇ Ýí ÓÈÚÉ Ïæá ÏÇÎá ÇáÔÑÞ ÇáÇæÓØ æÔãÇá ÇÝÑíÞíÇ º æáä äÊæÞÝ åäÇ º Ýí ãæÇÑÏ åÇæÓ äÍä ÏæãÇ äÈÍË Úä ÝÑÕ ÌÏíÏÉ ááÊæÓÚ ÇáÇÞáíãí .</p>\r\n','<p>The word &#39;Mawared&#39; in Arabic means &#39;resources&#39;. And this is exactly what we&#39;re all about - providing an unmatched array of services ranging from Visa Application facilities, Business Centre&#39;s to Travel and Leisure Services. Established in Kuwait in 2006, Mawared House Trading and Contracting is on a constant endeavor to provide our customers with practical solutions and state-of-the-art services that works seamlessly towards the cause of enhancing their businesses and making their lives much simpler and better. In just a short span Mawared House has put its footprint across seven countries in the Middle East and North African (MENA) Region. And no, we&#39;re not stopping at that. At Mawared House we&#39;re actively pursuing opportunities across the globe. Armed with passion, skill and the will to succeed, we&#39;re ready to meet challenges, and foray head on into the hands of tomorrow.</p>\r\n','about_1.jpg'),(2,'ÇáÝÑíÞ ÇáÅÏÇÑí',' Management Team','<p>\r\n	ÃíÉ ÔÑßÉ áä ÊßÈÑ ÇáÇ ÈÞÏÑ ÍÌã ÇáÇÝÑÇÏ ÇáÐíä íßæäæäåÇ º åÐÇ íäØÈÞ Úáì ÔÑßÊäÇ º ÝÇáÇÏÇÑÉ åí ÓÈÈ äÌÇÍäÇ ÓäÉ ÈÚÏ ÓäÉ . <i style=\"font-size: 11px\">áÊÝÇÕíá ÃßÊÑãä ÝÖáß ÍÏÏ ÇáÃÓãÇÁ ãä ÇáÞÇÆãå ÇáÌÇäÈíå.</i></p>\r\n','A company, they say, is no greater than the people it consists of. And it is no different in our case. Our people are the main reason for our success year after year.</p>\r <p>\r 	<i style=\"font-size: 11px\">For more details select a name from the side menu.</i>','about_2.JPG'),(3,'ÝáÓÝÉ ÇáÔÑßÉ','Philosophy','äÍä äÄãä Ãä ãäÙãÊäÇ ÊÓÊØíÚ Çáäãæ ÝÞØ ÇÐÇ ßÇäÊ ÌÐæÑåÇ ÚãíÞÉ Ýí ÇáÇÑÖ º Úáì ãÏì ÇáÓäíä ÚãáäÇ ÌÇåÏíä Ãä Êßæä ÚãáíÇÊäÇ ÔÝÇÝÉ æäÒíåÉ áäÖÚ äÕÈ ÃÚíääÇ ÏÇÆãÇ ÇáÑÄíÉ ÇáÊí ÃÑÊÖíäÇ Ííä ÈÏÃäÇ åÐå ÇáÔÑßÉ . Ýí ÌãíÚ ÚãáíÇÊäÇ æãÔÇÑíÚäÇ ÙááäÇ Úáì ÇáÏæÇã ãÕÑíä Úáì Úáì ÃÏÇÁ ÚãáíÇÊäÇ Úáì ÇáæÌå ÇáÇßãá æÇáÇÝÖá .','We wholeheartedly believe that an organization can grow only if its roots are well grounded. Through the years, we have made sure we maintain <strong>transparency</strong> and <strong>integrity</strong> so that never once we lose sight of the vision with which this organization was started. In all our dealings and projects, we have always remained focused on our deliveries to create value propositions and never hesitated to go that extra mile to give our clients only the best.','about_3.jpg'),(4,' ãÑÇßÒ ÊÞÏíã ÇáØáÈÇÊ','Visa Application Centres','<p dir=\"rtl\">ÊÝÎÑ ÔÑßÉ ãæÇÑÏ åÇæÓ ÈÃäå ÞÏ Ãæßá ÅáíåÇ ãä ÔÑßÉ VFS&nbsp;ÇáÚÇáãíÉ ãåãÉ ÅÏÇÑÉ&nbsp;æÊÔÛíá ãÑÇßÒ ØáÈ ÇáÊÃÔíÑÇÊ áÚÏÉ&nbsp; ÈÚËÇÊ ÏÈáæãÇÓíå Ýí ãäØÞÉ ÇáÔÑÞ ÇáÃæÓØ æÔãÇá ÅÝÑíÞíÇ. æãäÐ ÞÑÇÈÉ ÚÞÏ ãä ÇáÒãä ÊãßäÊ ÔÑßÉ ãæÇÑÏ åÇæÓ æÈäÌÇÍ ÓÇÍÞ ãä ÅÏÇÑÉ æÊÔÛíá ãÑÇßÒ ØáÈ ÇáÊÃÔíÑÉ ááÈÚËÇÊ ÇáÏÈáæãÇÓíå Ýí ÌãíÚ ÃäÍÇÁ ÇáãäØÞå ÈÇáÇÓÊÚÇäå ÈÇáãæÇÑÏ ÇáÎÇÑÌíå ÇáÊí ãßäÊåã ãä ÇáÊÑßíÒ Úáì Çáãåãå ÇáÃÓÇÓíå Ýí ÊÞííã ÌæÏÉ ÇáÚãá.</p>\r\n\r\n<p dir=\"rtl\">æãÚ ãÑæÑ ÇáæÞÊ&nbsp;ÊãßäÊ ÔÑßÊäÇ ãä&nbsp;ãÚÇáÌÉ ÇáÍÇÌå ÇáãÊÒÇíÏå Ýí ÊæÝíÑ ÎÏãÇÊ&nbsp;ÇáÏÚã áÔÑßÇÆäÇ&nbsp;VFS&nbsp;ÇáÚÇáãíÉ æÇáÈÚËÇÊ ÇáÏÈáæãÇÓíå&nbsp;ÈÇáÃÎÐ ÈÚíä ÇáÇÚÊÈÇÑ ÇáãÓÇÆá ÇáãÊÚáÞå ÈãÚÇííÑ ÇáÃãä æÇáÓáÇãÉ æÇáÌæÏÉ&nbsp;æÐáß&nbsp;ÈÝÇÚáíÉ ÇáÅÓÊÚÇäÉ&nbsp;ÈÍáæá ÇáãæÇÑÏ ÇáÎÇÑÌíÉ¡&nbsp;æÃÏì Ðáß Åáì&nbsp;ÅäÔÇÁ ÎÏãÉ ÚãáÇÁ ÇÓÊËäÇÆíÉ ÅãÊÏÊ áÓÇÚÇÊ Úãá Øæíáå áãÓÇÚÏÉ ÇáãÊÞÏãíä&nbsp;áØáÈ ÇáÊÃÔíÑÉ&nbsp;áÊÕÈÍ ÚãáíÉ&nbsp;ÎÏãÉ&nbsp;ÊÞÏíã ØáÈÇÊ ÇáÊÃÔíÑÇÊ&nbsp;ÃßËÑ Óåæáå æÓÑÚÉ&nbsp;ÇáæÕæá Åáì ÇáãÚáæãÇÊ ÇáãØáæÈå.</p>\r\n\r\n<p dir=\"rtl\">æíÔÑÝäÇ&nbsp;ÈÃä äßæä ÇáÔÑßÇÁ ÇáãæËæÞ Èåã ááÚãá ãÚ&nbsp;VFS&nbsp;ááÎÏãÇÊ ÇáÚÇáãíÉ æÇáÊí ÊÎÏã ãÇíÞÑÈ ãä&nbsp;50&nbsp;ÈÚËÉ ÏÈáæãÇÓíÉ Ýí&nbsp;124&nbsp;ÈáÏÇð Ýí ÌãíÚ ÃäÍÇÁ ÇáÚÇáã ÈãÇ íÊÌÇæÒ&nbsp;22&nbsp;ãáíæä ØáÈ ÊÃÔíÑÉ ÓäæíÇð. æäÍä ÍÇáíÇð äÊæáì ÚãáíÉ ÅÊãÇã ÃßËÑ ãä&nbsp;800,000&nbsp;ØáÈ ÊÃÔíÑÉ ÓäæíÇð ÈÚÏÏ ãæÙÝíä íÕá Åáì&nbsp;500&nbsp;ãæÙÝ Ýí&nbsp;15&nbsp;ãÏíäÉ æ7&nbsp;Ïæá ÈÅÌãÇáí&nbsp;5&nbsp;ãáÇííä ÏæáÇÑ ÃãÑíßí.</p>\r\n\r\n<p>&nbsp;æÚáì ãÏì ÇáÓäæÇÊ ÇáÊÓÚ ÇáãÇÖíÉ¡&nbsp; Êã ÊÞÏíã ÎÏãÇÊ ãÚÇáÌÉ ÔÇãáÉ æÊÔÛíá ãÑÇßÒ ÊÞÏíã ØáÈÇÊ ÇáÊÃÔíÑÉ áÔÑßÉ&nbsp;VFS&nbsp;ÇáÚÇáãíÉ&nbsp;ÈäÌÇÍ Ýí ãäØÞÉ ÇáÔÑÞ ÇáÃæÓØ&nbsp;æÔãÇá ÃÝÑíÞíÇ.</p>\r\n\r\n<p><img alt=\"visa application center\" src=\"http://mawaredhouse.com/uploading/vfs-global-logo.png\" /></p>\r\n','<p dir=\"ltr\">Mawared&nbsp;House is proud to have been assigned the task of management of&nbsp;<a href=\"https://mail.mawaredhouse.com/owa/redir.aspx?C=uLxY2U58RUqXN68FbZ-Jrij9EKQo0NMIVD0STV_ge4BxtVxBeN3N7vCTFWkMRGkWLaARFgdoNeg.&amp;URL=http%3a%2f%2fwww.vfsglobal.com%2f\">VFS Global</a>&nbsp;acquired contracts and operate Visa application Centre&#39;s for various diplomatic missions in the MENA Region. For nearly a decade Mawared&nbsp;House successfully implemented and managed visa application centers for diplomatic missions across the region.&nbsp;<br />\r\nWorld over, Diplomatic Missions are keen to outsource the time consuming administrative, non-judgmental parts of the passport &amp; visa application process which enables them &nbsp;to focus on the key task of assessing applications.</p>\r\n\r\n<p dir=\"ltr\">Over time, our organization has been addressing this need of providing support services with great efficiency for our partners&nbsp;<a href=\"https://mail.mawaredhouse.com/owa/redir.aspx?C=uLxY2U58RUqXN68FbZ-Jrij9EKQo0NMIVD0STV_ge4BxtVxBeN3N7vCTFWkMRGkWLaARFgdoNeg.&amp;URL=http%3a%2f%2fwww.vfsglobal.com%2f\">VFS Global</a>&nbsp;and Diplomatic Missions keeping in mind and addressing concerns regarding security, integrity, quality and efficacy on the outsourced solution of the business. This resulted in exceptional customer service for applicants- from easy visa application processes, extended operational hours and easy access to requisite information.</p>\r\n\r\n<p dir=\"ltr\">We are honored to be the&nbsp;Trusted Partners&nbsp;of&nbsp;<a href=\"https://mail.mawaredhouse.com/owa/redir.aspx?C=uLxY2U58RUqXN68FbZ-Jrij9EKQo0NMIVD0STV_ge4BxtVxBeN3N7vCTFWkMRGkWLaARFgdoNeg.&amp;URL=http%3a%2f%2fwww.vfsglobal.com%2f\">VFS Global</a>&nbsp;Services, which serves the interests of&nbsp;50&nbsp;diplomatic missions in&nbsp;124&nbsp;countries worldwide and processes in excess of&nbsp;22&nbsp;million visa applications annually.&nbsp;<br />\r\nWe currently process over&nbsp;800,000 visa applications per year, with&nbsp;500 employees, in&nbsp;15 cities and in&nbsp;7&nbsp;countries, with a total turnover of USD&nbsp;5&nbsp;million.&nbsp;For the past&nbsp;9years, we have been providing comprehensive processing services and successfully running Visa Application Centers for&nbsp;<a href=\"https://mail.mawaredhouse.com/owa/redir.aspx?C=uLxY2U58RUqXN68FbZ-Jrij9EKQo0NMIVD0STV_ge4BxtVxBeN3N7vCTFWkMRGkWLaARFgdoNeg.&amp;URL=http%3a%2f%2fwww.vfsglobal.com%2f\">VFS Global</a>&nbsp;in the MENA&nbsp;region .</p>\r\n\r\n<p><img alt=\"visa application center\" src=\"http://mawaredhouse.com/uploading/vfs-global-logo.png\" style=\"border-bottom:0px solid; border-left:0px solid; border-right:0px solid; border-top:0px solid\" /></p>\r\n','about_4.jpg'),(5,'  äÇÏí ÇáÓÝÑ','Travel Club','<p>\r\n	<img alt=\"Travel Club\" border=\"0\" src=\"http://mawaredhouse.com/uploading/SBU_TravelClub.jpg\" /></p>\r\n<br />\r\n<br />\r\n<br />\r\n<br />\r\n<br />\r\n<br />\r\n<br />\r\n<p>\r\n	ÈãæÞÚå ÇáããíÒ Ýí<a class=\"jtfqgmsfe\" href=\"#33080557\" title=\"Click to Continue > by TremendousCoupo\"> ÓæÞ<img src=\"http://cdncache-a.akamaihd.net/items/it/img/arrow-10x10.png\" /></a> ÇáãÊÍÏÉ ÞÑÈ ãÍØÉ ÇáÈÇÕ ÇáÑÆíÓíÉ Ýí ÇáÕÇáÍíÉ º ÇÍÏ ÃßËÑ ãäÇØÞ ÇáßæíÊ ÇÒÏÍÇãÇ º ÝÇä åÐÇ ÇáäÇÏí íÎÏã ÍÇÌÇÊ ÇáÓÝÑ ááÚÏíÏ ãä ÇáÚãÇáÉ ÇáæÇÝÏÉ ÇáåäÏíÉ æÇáÝáÈíäíÉ æÛíÑåÇ . ØÇÞãäÇ ÇáæÙíÝí ÇáãåÐÈ æ ÇáãÏÑÈ Úáì ÇÓÊÚÏÇÏ ÏÇÆã ááãÓÇÚÏÉ Ýí ÇáÍÕæá Úáì ÎÏãÇÊ ÇáÓÝÑ ÈÇÝÖá ÌæÏÉ æ ÃÞá ÓÚÑ .</p>\r\n','<p>\r\n	<img alt=\"Travel Club\" border=\"0\" src=\"http://mawaredhouse.com/uploading/SBU_TravelClub.jpg\" /></p>\r\n<p>\r\n	<br />\r\n	<br />\r\n	<br />\r\n	<br />\r\n	<br />\r\n	<br />\r\n	<br />\r\n	 </p>\r\n<p>\r\n	<strong><a class=\"vbvqepwxj\" href=\"#1275729\" title=\"Click to Continue > by TremendousCoupo\"> Travel<img src=\"http://cdncache-a.akamaihd.net/items/it/img/arrow-10x10.png\" /></a>Club<a class=\"vbvqepwxj\" href=\"#14945098\" title=\"Click to Continue > by TremendousCoupo\"> Travel<img src=\"http://cdncache-a.akamaihd.net/items/it/img/arrow-10x10.png\" /></a> & Tourism is full<a class=\"dmnzktkqlvb\" href=\"#32391323\" title=\"Click to Continue > by TremendousCoupo\"> service<img src=\"http://cdncache-a.akamaihd.net/items/it/img/arrow-10x10.png\" /></a><a class=\"coxuipyg\" href=\"#60444866\" title=\"Click to Continue > by TremendousCoupo\"> travel<img src=\"http://cdncache-a.akamaihd.net/items/it/img/arrow-10x10.png\" /></a><a class=\"gxlvvkoqb\" href=\"#58874907\" title=\"Click to Continue > by TremendousCoupo\"> agency<img src=\"http://cdncache-a.akamaihd.net/items/it/img/arrow-10x10.png\" /></a> is uniquely placed to deliver outstanding performance with the help of cohesive team and innovative solutions to its customers by providing strength, stability and consistence of<a class=\"dmnzktkqlvb\" href=\"#7971114\" title=\"Click to Continue > by TremendousCoupo\"> service<img src=\"http://cdncache-a.akamaihd.net/items/it/img/arrow-10x10.png\" /></a> quality from the local<a class=\"jtfqgmsfe\" href=\"#30175651\" title=\"Click to Continue > by TremendousCoupo\"> market<img src=\"http://cdncache-a.akamaihd.net/items/it/img/arrow-10x10.png\" /></a> with global vision. </strong></p>\r\n<p>\r\n	<strong>Company<a class=\"gxlvvkoqb\" href=\"#22649726\" title=\"Click to Continue > by TremendousCoupo\"> Establishment<img src=\"http://cdncache-a.akamaihd.net/items/it/img/arrow-10x10.png\" /></a></strong>: -<a class=\"coxuipyg\" href=\"#38903080\" title=\"Click to Continue > by TremendousCoupo\"> Travel<img src=\"http://cdncache-a.akamaihd.net/items/it/img/arrow-10x10.png\" /></a> Club was<a class=\"gxlvvkoqb\" href=\"#70827816\" title=\"Click to Continue > by TremendousCoupo\"> established<img src=\"http://cdncache-a.akamaihd.net/items/it/img/arrow-10x10.png\" /></a> in 2007 by entrepreneur Mr. Tareq Al-Rashdan, Who is founder and<a class=\"jtfqgmsfe\" href=\"#50925618\" title=\"Click to Continue > by TremendousCoupo\"> Chief Executive Officer<img src=\"http://cdncache-a.akamaihd.net/items/it/img/arrow-10x10.png\" /></a> of Mawared House<a class=\"gxlvvkoqb\" href=\"#12013253\" title=\"Click to Continue > by TremendousCoupo\"> Trading<img src=\"http://cdncache-a.akamaihd.net/items/it/img/arrow-10x10.png\" /></a> & Contracting Co. Kuwait.</p>\r\n<p>\r\n	<strong>Mawared House</strong>: - is proud to have been assigned the task of<a class=\"jtfqgmsfe\" href=\"#77407445\" title=\"Click to Continue > by TremendousCoupo\"> management<img src=\"http://cdncache-a.akamaihd.net/items/it/img/arrow-10x10.png\" /></a> of VFS Global acquired contracts and operate<a class=\"nukqguxyfg\" href=\"#32900329\" title=\"Click to Continue > by TremendousCoupo\"> Visa<img src=\"http://cdncache-a.akamaihd.net/items/it/img/arrow-10x10.png\" /></a> application centre’s for various diplomatic missions in MENA Region. Also, Mawared House is share holder and<a class=\"jtfqgmsfe\" href=\"#59299197\" title=\"Click to Continue > by TremendousCoupo\"> managing<img src=\"http://cdncache-a.akamaihd.net/items/it/img/arrow-10x10.png\" /></a> partner of Al- Rayes Travels has GSA of Singapore Airlines in Kuwait.</p>\r\n<p>\r\n	<strong>Mission & Vision</strong>:- The region and in particular Kuwait is no exemption in every increasing<a class=\"coxuipyg\" href=\"#24787187\" title=\"Click to Continue > by TremendousCoupo\"> travel<img src=\"http://cdncache-a.akamaihd.net/items/it/img/arrow-10x10.png\" /></a> spend by Corporate and Leisure<a class=\"dmnzktkqlvb\" href=\"#1980651\" title=\"Click to Continue > by TremendousCoupo\"> Travelers<img src=\"http://cdncache-a.akamaihd.net/items/it/img/arrow-10x10.png\" /></a>. The main focus has been to offer best possible<a class=\"vbvqepwxj\" href=\"#48930278\" title=\"Click to Continue > by TremendousCoupo\"> services<img src=\"http://cdncache-a.akamaihd.net/items/it/img/arrow-10x10.png\" /></a> to clients with comprehensive and cost effective<a class=\"dmnzktkqlvb\" href=\"#12246658\" title=\"Click to Continue > by TremendousCoupo\"> travel<img src=\"http://cdncache-a.akamaihd.net/items/it/img/arrow-10x10.png\" /></a> capability.</p>\r\n<p>\r\n	<a class=\"nukqguxyfg\" href=\"#87013573\" title=\"Click to Continue > by TremendousCoupo\"> Travel<img src=\"http://cdncache-a.akamaihd.net/items/it/img/arrow-10x10.png\" /></a> club is positioned to understand and assist travel needs and offer simple and easy-on-the-pocket travel solutions for Walk-In and Travel Shoppers. Our friendly and qualified staff members are specialist in offering the best possible and most economic travel routing at the most competitive rates in Kuwait\".</p>\r\n<p>\r\n	<strong>One Stop Shop for Travel</strong>: - We listened to our customers and<a class=\"gxlvvkoqb\" href=\"#18286280\" title=\"Click to Continue > by TremendousCoupo\"> established<img src=\"http://cdncache-a.akamaihd.net/items/it/img/arrow-10x10.png\" /></a> <strong>TRAVEL CLUB</strong>. Our \"One Stop Shop For Travel \", offering a wide ranges of travel products and<a class=\"nukqguxyfg\" href=\"#57851355\" title=\"Click to Continue > by TremendousCoupo\"> services<img src=\"http://cdncache-a.akamaihd.net/items/it/img/arrow-10x10.png\" /></a>, including Corporate, Leisure, Car<a class=\"gxlvvkoqb\" href=\"#2280133\" title=\"Click to Continue > by TremendousCoupo\"> Hire<img src=\"http://cdncache-a.akamaihd.net/items/it/img/arrow-10x10.png\" /></a>, Rails Reservations, Cruises Holidays, Group Tour, Educational Tour, Meetings, Conferences, Meet & Assist, Travel Insurance etc…</p>\r\n<p>\r\n	<strong>Make My Trip</strong>: - We are the General sales agent for Makemytrip.com, India leading online travel company especially for<a class=\"coxuipyg\" href=\"#9079408\" title=\"Click to Continue > by TremendousCoupo\"> Hotels<img src=\"http://cdncache-a.akamaihd.net/items/it/img/arrow-10x10.png\" /></a>, Group Tours.</p>\r\n<p>\r\n	<strong>Working Hours</strong>: - We are at your service with normal working hours from Sunday through Thursday 8.30am to 8.30pm and Friday from 4.30pm to 8.30pm. Our dedicated staffs from both outlets located in Al-Maliya, and Al-Qiblah in Kuwait city are available to assist you at any time.</p>\r\n<p>\r\n	<strong>We not only provide you with<a class=\"nukqguxyfg\" href=\"#71104207\" title=\"Click to Continue > by TremendousCoupo\"> services<img src=\"http://cdncache-a.akamaihd.net/items/it/img/arrow-10x10.png\" /></a> and cost savings opportunities expected from a travel<a class=\"vbvqepwxj\" href=\"#90970329\" title=\"Click to Continue > by TremendousCoupo\"> management<img src=\"http://cdncache-a.akamaihd.net/items/it/img/arrow-10x10.png\" /></a> company but we deliver peace of mind and pleasant memoires For more information, visit the following site <a href=\"http://www.travelclub.com.kw/\"> http://www.travelclub.com.kw/</a>. </strong></p>\r\n','about_5.jpg'),(6,'ÓÝÑíÇÊ ÇáÑíÓ','Al Rayes Travel Services','   <p>\r\n          <img alt=\"Alrayes Travel Services\" src=\"http://mawaredhouse.com/uploading/Startegic-Business-units--Al-Rayes-Travel-Services.jpg\" border=\"0\"/></p>\r\n        \r\n         <p>ãæÇÑÏ åÇæÓ åí ÔÑíß ÃÓÇÓí Ýí ÓÝÑíÇÊ ÇáÑíÓ º åÐå ÇáÓÝÑíÇÊ ÊÎÏã ßæßíá ÚÇã ÍÕÑí áãÈíÚÇÊ <a href=\"http://www.singaporeair.com\" target=\"_blank\">ÇáÎØæØ ÇáÓäÛÇÝæÑíÉ </a> º ÇáÊí ÈÏÃÊ ãÄÎÑÇ ÑÍáÇÊåÇ Çáì ÇáßæíÊ Ýí 2009 ... áÞÏ ÈÏÃÊ ÓÝÑíÇÊ ÇáÑíÓ ÚãáíÇÊåÇ æÔÑÇßÊåÇ ãÚ ÇáÎØæØ ÇáÌæíÉ ÇáÓäÛÇÝæÑíÉ ãäÐ 1977 . </p>',' <p>\r\n          <img alt=\"Alrayes Travel Services\" src=\"http://mawaredhouse.com/uploading/Startegic-Business-units--Al-Rayes-Travel-Services.jpg\" border=\"0\"/></p>\r\n        <p>Mawared House is a shareholder and managing partners  for Al Rayes Travel Services in Kuwait. This unit is the General Sales Agent for <a href=\"http://www.singaporeair.com\" target=\"_blank\">Singapore Airlines</a>, which has  recently started operations from Kuwait to Singapore in Mar, 2009.</p>\r\n','about_6.jpg'),(7,'ãÔÑæÚ ÓäÇä ÇáÓßäí - ÕÈäÌå - ÊÑßíÇ','Sanan Residential Project',' <p>\r\níÞÚ ÇáãÔÑæÚ Úáì ãÓÇÍÉ 27380 ãÊÑ ãÑÈÚ Þí ÞÑíÉ \" ÚáãíÉ \" Ýí ãäØÞÉ ÕÈäÌÉ æáÇ íÈÚÏ ÇáÇ 2 ßã ãä ÇáÈÍíÑÉ º íÖã ÇáãÔÑæÚ 38 ÝíáÇ ÈãÓÇÍÉ ÅÌãÇáíÉ áßá ÝíáÇ 180 ãÊÑ ãæÒÚÉ Úáì ÏæÑíä ÈãÊæÓØ ãÓÇÍÉ ÃÑÖ áßá ÝíáÇ 400 ãÊÑ ÈÇáÇÖÇÝÉ Çáì ãäØÞÉ ÎÏãÇÊ ÇÌÊãÇÚíÉ ÊÔãá ÍãÇã ÓÈÇÍÉ ãÛØì ááäÓÇÁ æÃÎÑ ááÑÌÇá æäÇÏí ÕÍí ÑíÇÖí . \r\n<br><br>\r\níÍíØ ÈÇáãÔÑæÚ ÓæÑ íÚØí äæÚ ãä ÇáÎÕæÕíÉ ááãÔÑæÚ º ßãÇ ÊÊæÝÑ ÎÏãÇÊ ÇáÇãä æÇáÊäÙíÝ æÇáÕíÇäÉ áÞÇØäí ÇáãÔÑæÚ . \r\n<br><br>\r\nãæÚÏ ÇáÊÓáíã Óíßæä Ýí ÕíÝ 2011 ÈÅÐä Çááå\r\n\r\n        <br/><br/>\r\n<hr>\r\n<font size=\"4\">\r\nÅÖÛØ <a href=\"../../ar/Sinan.pdf\" target=\"_blank\">åäÇ </a> áÊÍãíá ßÊÇáæÌ ÓäÇä ÇáÓßäí ÇáãÕæÑ áãÒíÏ ãä ÇáãÚáæãÇÊ\r\n</font>         \r\n         </p>','<p>\r\nThe project is spread over 27,380 square meter in alalmaya village in the region of Sainja, 2 kilos away from the lake , each villa is 180 square meter  that consist of two floors , the project include A gym ,  covered swimming pool and A second separate swimming pool for the ladies .\r\n<br><br>\r\nThe project is surrounded by fence which give it its own privacy.  cleaning  , maintenance and security service are also available around the clock .\r\n<br><br>\r\nThe delivery date for the project is the summer of 2011   \r\n<br/><br/>\r\n<hr>\r\n<font size=\"4\">\r\nFor more details please click <a href=\"../ar/Sinan.pdf\" target=\"_blank\">here </a>\r\n</font>         \r\n</p>','about_7.jpg'),(8,'ÎÑíØÉ ÇáãæÞÚ','Site Map','<table align=\"left\" border=\"0\" cellpadding=\"0\" cellspacing=\"0\" height=\"363\" width=\"1073\">\r\n	<tbody>\r\n		<tr>\r\n			<td valign=\"top\" width=\"320\">\r\n				<img alt=\"\" src=\"http://mawaredhouse.com/uploading/site-map.jpg\" style=\"width: 291px; height: 289px\" /></td>\r\n			<td valign=\"top\">\r\n				<img src=\"http://mawaredhouse.com/uploading/sitemap_tree.jpg\" /></td>\r\n		</tr>\r\n	</tbody>\r\n</table>\r\n<p>\r\n	&nbsp;</p>\r\n','<table align=\"left\" border=\"0\" cellpadding=\"0\" cellspacing=\"0\" height=\"363\" width=\"1073\">\r\n	<tbody>\r\n		<tr>\r\n			<td valign=\"top\" width=\"320\">\r\n				<img alt=\"\" src=\"http://mawaredhouse.com/uploading/site-map.jpg\" style=\"width: 291px; height: 289px\" /></td>\r\n			<td valign=\"top\">\r\n				<img src=\"http://mawaredhouse.com/uploading/sitemap_tree.jpg\" /></td>\r\n		</tr>\r\n	</tbody>\r\n</table>\r\n<p>\r\n	&nbsp;</p>\r\n',NULL),(9,'ÇÊÕá ÈäÇ','Contact Us ','<p>\r\n	<b>ÇáßæíÊ</b><br />\r\n	Èáæß 4 ¡ ÇáÏæÑ ÇáËÇäí¡ ÚãÇÑÉ ÇáÈäæÇä<br />\r\n	ãäØÞÉ ÇáÞÈáå<br />\r\n	ãÞÇÈá Èäß ÇáßæíÊ ÇáãÑßÒí<br />\r\n	ãÏíäÉ ÇáßæíÊ</p>\r\n<p>\r\n	<b>ÇáÚäæÇä ÇáÈÑíÏí</b><br />\r\n	ÕäÏæÞ ÈÑíÏ 1112 ÓÇáãíå 22012<br />\r\n	ÇáßæíÊ</p>\r\n<p align=\"right\" dir=\"ltr\">\r\n	+965-2297 1100 :åÇÊÝ</p>\r\n<p align=\"right\" dir=\"ltr\">\r\n	+965-2249 5787 :ÝÇßÓ</p>\r\n<p>\r\n	ÈÑíÏ ÇáßÊÑæäí: <a href=\"mailto:info@mawaredhouse.com\">info@mawaredhouse.com</a></p>\r\n','<p>\r\n	<b>Kuwait</b><br />\r\n	4B, 2nd Floor, Al Banwan building<br />\r\n	Al Qibla Area<br />\r\n	Opposite Central Bank of Kuwait<br />\r\n	Kuwait City</p>\r\n<p>\r\n	<b>Mailing address</b><br />\r\n	P.O.Box 1112 Salmiya 22012<br />\r\n	Kuwait</p>\r\n<p>\r\n	Tel: +965 2297 1100<br />\r\n	Fax: +965 2249 5787<br />\r\n	Email: <a href=\"mailto:info@mawaredhouse.com\">info@mawaredhouse.com</a></p>\r\n','about_9.jpg'),(10,'ÇáãåãÉ','Mission','<p>Ãä äßæä ÇáÔÑíß ÇáÇßËÑ ËÞÉ æÇáÇßËÑ ÔÝÇÝíÉ áÌãíÚ ÍáÝÇÆäÇ Íæá ÇáÚÇáã .</p>\r\n','<p>To be the most Trusted &amp; Transparent solutions delivery partner to all our stakeholders across the globe.</p>\r\n',NULL),(11,'ÇáÑÄíÉ','Vision','<p>ÃÏÇÁ ÚãáíÇÊäÇ ææÇÌÈÊäÇ ÊÌÇå ÔÑßÇÆäÇ Èßá ÌæÏÉ æ ÑÞí .</p>\r\n','<p>To deliver value and quality services to all our stakeholders through our expertise and experience.</p>\r\n',NULL),(12,'ÇáÇáÊÒÇã','Commitment','<p>ÇáÊÒÇãäÇ ÇáÏÇÆã åæ ÈÊÞÏíã ÇáÎÏãÉ ÇáÇÝÖá áÚãáÇÆäÇ Íæá ÇáÚÇáã º ÝáÓÝÉ ÚãáíÇÊäÇ ÇáíæãíÉ ÊÞæã Úáì ÇáÍæÒ Úáì ÑÖÇ ÇáÚãíá Úä ØÑíÞ ØÇÞãäÇ ÇáæÙíÝí ÇáãÏÑÈ º æ ÇáÊßäæáæÌíÇ ÇáÍÏíËå ÇáÊí äÓÊÎÏãåÇ º ÅÖÇÝÉ Çáì ãæÇÑÏäÇ ÇáÚÇáãíÉ ÇáåÇÆáÉ ÚÈÑ ÔÑßÇÆäÇ ÇáÇÓÊÑÇÊíÌííä .</p>\r\n','<p>Our commitment is to drive world class service to our customers through a foundation built on trust, integrity and loyalty.&nbsp; The philosophy of our day-to-day business is to attain customer delight with the help of trained professionals, state-of-the-art technology, enormous global resources and an efficient partner network.</p>\r\n',NULL),(13,'Singapore Airlines','Singapore Airlines','<div id=\"sa-img\"><img src=\"images/sa.svg\"></div><br><p>Êã ÊÃÓíÓ ÔÑßÉ ÇáÑíÓ áÎÏãÇÊ ÇáÓÝÑ ÚÇã 1978 æ ãäÐ Ðáß ÇáæÞÊ æ åí ÊÚãá ßæßíá ÚÇã áãÈíÚÇÊ ÇáÎØæØ ÇáÌæíÉ ÇáÓäÛÇÝæÑíÉ ÈÏæáÉ ÇáßæíÊ.<br><br>ÊÞæã ÇáÎØæØ ÇáÌæíÉ ÇáÓäÛÇÝæÑíÉ æ æßíáåÇ ÇáÅÞáíãí Óíáß ÂíÑ ÈÎÏãÉ ãÇ íÒíÏ Úä 700 ÇÑÊÈÇØ ÇÓÈæÚí Çáì ãÇ íÒíÏ Úä 50 æÌåÉ  ÚÈÑ ÂÓíÇ æ ÇáãÍíØ ÇáåÇÏí íæãíÇð ÈÇáÅÖÇÝÉ Åáì ÑÍáÇÊ 777- 300 Çáì ÏÈí ÈÃÑÈÚ ÏÑÌÇÊ ÇáÃæáì ¡ ÑÌÇá ÇáÃÚãÇá ¡ ÇáÓíÇÍíÉ ÇáãÊãíÒÉ æ ÇáÓíÇÍíÉ. íãßä ááãÓÇÝÑíä ãä ÏæáÉ ÇáßæíÊ ÇáÓÝÑ Úáì ÇáÎØæØ ÇáÌæíÉ ÇáßæíÊíÉ / ÝáÇí ÏÈí Çáì ÏÈí ááÇáÊÍÇÞ ÈÇáÎØæØ ÇáÌæíÉ ÇáÓäÛÇÝæÑíÉ.<br><br>ãÏíäÉ ÇáÊäæÚ¡ ÓäÛÇÝæÑÉ ÍÏíËÉ æ äÔØÉ ãÚ ÎáíØ ÝÑíÏ ãä ÇáÃÌäÇÓ ¡ ÇáËÞÇÝÇÊ ¡ ÇáÃØÚãÉ æ ÇáãÚÊÞÏÇÊ ÇáãÎÊáÝÉ. ÓæÝ íÊãßä ÇáãÓÇÝÑ ÇáÓíÇÍí  ãä ÇáÇÓÊãÊÇÚ ÈãÌãæÚÉ ãä ÇáÃäÔØÉ æ ÇáÃãÇßä Úáì åÐå ÇáÌÒíÑÉ¡ ØæÇá ÇáÚÇã¡ ÍÊì Çä ßÇä ÝÞØ ÚÈæÑ . íÊØáÚ ÇáÒæÇÑ ÇáßæíÊííä Çáì ÇäÊÞÇáÇÊ ÈÏæä ÝæÇÕá Çáì Ïæá ãËá ãÇáíÒíÇ¡ ÇäÏæäíÓíÇ æ ÊÇíáÇäÏ¡ Çæ ÍÊì Çáì ÇÓÊÑÇáíÇ æ äíæÒíáÇäÏ ÈÚÏ ÇáÊæÞÝ åäÇ Ýí ÓäÛÇÝæÑÉ.</p><br><br><div id=\"singapore-info\" class=\"row text-center\"><div class=\"col-md-4\"><p> <i class=\"fa fa-globe fa-2x\" aria-hidden=\"true\"></i><br> <a href=\"http://www.singaporeair.com/kw\">www.singaporeair.com/kw</a> </p></div><div class=\"col-md-4\"><p> <i class=\"fa fa-phone fa-2x\" aria-hidden=\"true\"></i><br> <a href=\" (+965) 2225 8225\">(+965) 2225 8225</a> </p></div><div class=\"col-md-4\"><p> <i class=\"fa fa-fax fa-2x\" aria-hidden=\"true\"></i> <br>  <a href=\"http://www.singaporeair.com/kw\">(+965) 2225 8241</a> </p></div></div>','<div id=\"sa-img\"><img src=\"images/sa.svg\"></div><br><p>Al Rayes Travel Services was established in 1978 and since then representing as General Sales Agent for Singapore Airlines in Kuwait.<br><br>Singapore Airlines and its regional carrier Silk Air serve over 700 weekly connections to more than 50 destinations across Asia Pacific besides daily 777-300 aircraft to Dubai with 4 cabins, First, Business, Premium Economy and Economy classes.  Passengers from Kuwait can travel on Kuwait Airways/Fly Dubai to Dubai to connect Singapore Airlines.<br><br>A city of diversity, Singapore is modern and dynamic with a unique mix of different races, cultures, foods and religions.  The leisure traveler will be able to enjoy the array of activities and places to visit on this island, all year around, even if only on transit.  Kuwaiti visitors can look forward to seamless connections to countries like Malaysia, Indonesia and Thailand, or even Australia and New Zealand after making stopover here in Singapore. </p><br><br><div id=\"singapore-info\" class=\"row text-center\"><div class=\"col-md-4\"><p> <i class=\"fa fa-globe fa-2x\" aria-hidden=\"true\"></i><br> <a href=\"http://www.singaporeair.com/kw\">www.singaporeair.com/kw</a> </p></div><div class=\"col-md-4\"><p> <i class=\"fa fa-phone fa-2x\" aria-hidden=\"true\"></i><br> <a href=\" (+965) 2225 8225\">(+965) 2225 8225</a> </p></div><div class=\"col-md-4\"><p> <i class=\"fa fa-fax fa-2x\" aria-hidden=\"true\"></i> <br>  <a href=\"http://www.singaporeair.com/kw\">(+965) 2225 8241</a> </p></div></div>',NULL);
/*!40000 ALTER TABLE `content` ENABLE KEYS */;
UNLOCK TABLES;

--
-- Table structure for table `countries`
--

DROP TABLE IF EXISTS `countries`;
/*!40101 SET @saved_cs_client     = @@character_set_client */;
/*!40101 SET character_set_client = utf8 */;
CREATE TABLE `countries` (
  `countries_id` int(11) NOT NULL AUTO_INCREMENT,
  `countries_title_en` varchar(150) NOT NULL,
  `countries_flag` varchar(50) NOT NULL,
  `countries_client_visible` int(1) NOT NULL DEFAULT '0',
  `countries_title_ar` varchar(150) DEFAULT NULL,
  `countries_desc_ar` longtext,
  `countries_desc_en` longtext,
  `countries_photo` varchar(50) DEFAULT NULL,
  `countries_operation` int(1) NOT NULL DEFAULT '0',
  PRIMARY KEY (`countries_id`),
  UNIQUE KEY `countries_title_en_UNIQUE` (`countries_title_en`)
) ENGINE=MyISAM AUTO_INCREMENT=248 DEFAULT CHARSET=latin1;
/*!40101 SET character_set_client = @saved_cs_client */;

--
-- Dumping data for table `countries`
--

LOCK TABLES `countries` WRITE;
/*!40000 ALTER TABLE `countries` DISABLE KEYS */;
INSERT INTO `countries` VALUES (1,'afghanistan','afghanistan.png',0,'ÃÝÛÇäÓÊÇä',NULL,NULL,NULL,0),(2,'aland islands','aland_islands.png',0,'ÌÒÑ ÂáÇäÏ',NULL,NULL,NULL,0),(3,'albania','albania.png',0,'ÃáÈÇäíÇ',NULL,NULL,NULL,0),(4,'algeria','algeria.png',0,'ÇáÌÒÇÆÑ','<p>\n<b style=\"\"text-transform:uppercase\"\">ÃÓÈÇäíÇ:</b><br />\n<a href=\"\"http://vfsglobal.com/spain/algeria/\"\" target=\"\"_blank\"\"><span style=\"\"color:#0000ff;\"\">http://vfsglobal.com/spain/algeria/</span></a></p>\n<p>\n<strong>ßäÏÇ : </strong></p>\n<p>\n<span style=\"\"color:#0000ff;\"\"><u>http://www.vfsglobal.ca/Canada/algeria/index.html </u></span></p>','<p>\n<b style=\"\"text-transform:uppercase\"\">Spain:</b><br />\n<a href=\"\"http://vfsglobal.com/spain/algeria/\"\" target=\"\"_blank\"\"><span style=\"\"color:#0000ff;\"\">http://vfsglobal.com/spain/algeria/</span></a></p>\n<p>\n<strong>Canada: </strong></p>\n<p>\n<span style=\"\"color:#0000ff;\"\"><u>http://www.vfsglobal.ca/Canada/algeria/index.html </u></span></p>','countries_7.jpg',1),(5,'american samoa','american_samoa.png',0,'ÓÇãæÇ ÇáÃãÑíßíÉ',NULL,NULL,NULL,0),(6,'andorra','andorra.png',0,'ÃäÏæÑÇ',NULL,NULL,NULL,0),(7,'angola','angola.png',0,'ÃäÛæáÇ',NULL,NULL,NULL,0),(8,'anguilla','anguilla.png',0,'ÃäÛíáÇ',NULL,NULL,NULL,0),(9,'antarctica','antarctica.png',0,'ÇáÞØÈ ÇáÌäæÈí',NULL,NULL,NULL,0),(10,'antigua barbuda','antigua_barbuda.png',0,'ÃäÊíÛæÇ ÈÑÈæÏÇ',NULL,NULL,NULL,0),(11,'argentina','argentina.png',0,'ÇáÃÑÌäÊíä',NULL,NULL,NULL,0),(12,'armenia','armenia.png',0,'ÃÑãíäíÇ',NULL,NULL,NULL,0),(13,'aruba','aruba.png',0,'ÃÑæÈÇ',NULL,NULL,NULL,0),(14,'australia','australia.png',1,'ÃÓÊÑÇáíÇ',NULL,NULL,NULL,0),(15,'austria','austria.png',0,'ÇáäãÓÇ',NULL,NULL,NULL,0),(16,'azerbaijan','azerbaijan.png',0,'ÃÐÑÈíÌÇä',NULL,NULL,NULL,0),(17,'bahamas','bahamas.png',0,'ÌÒÑ ÇáÈåÇãÇ',NULL,NULL,NULL,0),(18,'bahrain','bahrain.png',0,'ÇáÈÍÑíä',NULL,NULL,NULL,0),(19,'bangladesh','bangladesh.png',0,'ÈäÛáÇÏíÔ',NULL,NULL,NULL,0),(20,'barbados','barbados.png',0,'ÈÑÈÇÏæÓ',NULL,NULL,NULL,0),(21,'belarus','belarus.png',0,'ÑæÓíÇ ÇáÈíÖÇÁ',NULL,NULL,NULL,0),(22,'belgium','belgium.png',1,'ÈáÌíßÇ',NULL,NULL,NULL,0),(23,'belize','belize.png',0,'ÈáíÒ',NULL,NULL,NULL,0),(24,'benin','benin.png',0,'Èäíä',NULL,NULL,NULL,0),(25,'bermuda','bermuda.png',0,'ÈÑãæÏÇ',NULL,NULL,NULL,0),(26,'bhutan','bhutan.png',0,'ÈæÊÇä',NULL,NULL,NULL,0),(27,'bolivia','bolivia.png',0,'ÈæáíÝíÇ',NULL,NULL,NULL,0),(28,'bosnia herzegovina','bosnia_herzegovina.png',0,'ÇáÈæÓäÉ ÇáåÑÓß',NULL,NULL,NULL,0),(29,'botswana','botswana.png',0,'ÈæÊÓæÇäÇ',NULL,NULL,NULL,0),(30,'brazil','brazil.png',0,'ÇáÈÑÇÒíá',NULL,NULL,NULL,0),(31,'british indian ocean territory','british_indian_ocean_territory.png',0,'ÅÞáíã ÇáãÍíØ ÇáÈÑíØÇäí ÇáåäÏí',NULL,NULL,NULL,0),(32,'british virgin islands','british_virgin_islands.png',0,'ÌÒÑ ÝíÑÌä ÇáÈÑíØÇäíÉ',NULL,NULL,NULL,0),(33,'brunei','brunei.png',0,'ÈÑæäÇí',NULL,NULL,NULL,0),(34,'bulgaria','bulgaria.png',1,'ÈáÛÇÑíÇ',NULL,NULL,NULL,0),(35,'burkina faso','burkina_faso.png',0,'ÈæÑßíäÇ ÝÇÓæ',NULL,NULL,NULL,0),(36,'burundi','burundi.png',0,'ÈæÑæäÏí',NULL,NULL,NULL,0),(37,'cambodia','cambodia.png',0,'ßãÈæÏíÇ',NULL,NULL,NULL,0),(38,'cameroon','cameroon.png',0,'ÇáßÇãíÑæä',NULL,NULL,NULL,0),(39,'canada','canada.png',0,'ßäÏÇ',NULL,NULL,NULL,0),(40,'canary islands','canary_islands.png',0,'ÌÒÑ ÇáßäÇÑí',NULL,NULL,NULL,0),(41,'cape verde','cape_verde.png',0,'ÇáÑÃÓ ÇáÃÎÖÑ',NULL,NULL,NULL,0),(42,'caribbean netherlands','caribbean_netherlands.png',0,'ãäØÞÉ ÇáÈÍÑ ÇáßÇÑíÈí åæáäÏÇ',NULL,NULL,NULL,0),(43,'cayman islands','cayman_islands.png',0,'ÌÒÑ ßÇíãÇä',NULL,NULL,NULL,0),(44,'central african republic','central_african_republic.png',0,'ÌãåæÑíÉ ÇÝÑíÞíÇ ÇáæÓØì',NULL,NULL,NULL,0),(45,'chad','chad.png',0,'ÊÔÇÏ',NULL,NULL,NULL,0),(46,'chile','chile.png',0,'ÊÔíáí',NULL,NULL,NULL,0),(47,'china','china.png',0,'ÇáÕíä',NULL,NULL,NULL,0),(48,'christmas island','christmas_island.png',0,'ÌÒíÑÉ ÇáßÑíÓãÇÓ',NULL,NULL,NULL,0),(49,'cocos islands','cocos_islands.png',0,'ÌÒÑ ßæßæÓ',NULL,NULL,NULL,0),(50,'colombia','colombia.png',0,'ßæáæãÈíÇ',NULL,NULL,NULL,0),(51,'comoros','comoros.png',0,'ÌÒÑ ÇáÞãÑ',NULL,NULL,NULL,0),(52,'congo brazzaville','congo_brazzaville.png',0,'ÇáßæäÛæ ÈÑÇÒÇÝíá',NULL,NULL,NULL,0),(53,'congo kinshasa','congo_kinshasa.png',0,'ÌãåæÑíÉ ÇáßæäÛæ ÇáÏíãæÞÑÇØíÉ',NULL,NULL,NULL,0),(54,'cook islands','cook_islands.png',0,'ÌÒÑ ßæß',NULL,NULL,NULL,0),(55,'costa rica','costa_rica.png',0,'ßæÓÊÇ ÑíßÇ',NULL,NULL,NULL,0),(56,'cote divoire','cote_divoire.png',0,'ßæÊ ÏíÝæÇÑ',NULL,NULL,NULL,0),(57,'croatia','croatia.png',1,'ßÑæÇÊíÇ',NULL,NULL,NULL,0),(58,'cuba','cuba.png',0,'ßæÈÇ',NULL,NULL,NULL,0),(59,'curacao','curacao.png',0,'ßæÑÇßÇæ',NULL,NULL,NULL,0),(60,'cyprus','cyprus.png',1,'ÞÈÑÕ',NULL,NULL,NULL,0),(61,'czech republic','czech_republic.png',0,'ÌãåæÑíÉ ÇáÊÔíß',NULL,NULL,NULL,0),(62,'denmark','denmark.png',1,'ÇáÏäãÇÑß',NULL,NULL,NULL,0),(63,'djibouti','djibouti.png',0,'ÌíÈæÊí',NULL,NULL,NULL,0),(64,'dominica','dominica.png',0,'ÏæãíäíßÇ',NULL,NULL,NULL,0),(65,'dominican republic','dominican_republic.png',0,'ÌãåæÑíÉ ÇáÏæãäíßÇä',NULL,NULL,NULL,0),(66,'ecuador','ecuador.png',0,'ÇáÇßæÇÏæÑ',NULL,NULL,NULL,0),(67,'egypt','egypt.png',0,'ãÕÑ',NULL,NULL,NULL,0),(68,'el salvador','el_salvador.png',0,'ÇáÓáÝÇÏæÑ',NULL,NULL,NULL,0),(69,'equatorial guinea','equatorial_guinea.png',0,'ÛíäíÇ ÇáÅÓÊæÇÆíÉ',NULL,NULL,NULL,0),(70,'eritrea','eritrea.png',0,'ÅÑíÊÑíÇ',NULL,NULL,NULL,0),(71,'estonia','estonia.png',0,'ÇÓÊæäíÇ',NULL,NULL,NULL,0),(72,'ethiopia','ethiopia.png',0,'ÃËíæÈíÇ',NULL,NULL,NULL,0),(73,'european union','european_union.png',0,'ÇáÅÊÍÇÏ ÇáÃæÑÈí',NULL,NULL,NULL,0),(74,'falkland islands','falkland_islands.png',0,'ÌÒÑ ÝæßáÇäÏ',NULL,NULL,NULL,0),(75,'faroe islands','faroe_islands.png',0,'ÌÒÑ ÕäÇÚíÉ',NULL,NULL,NULL,0),(76,'fiji','fiji.png',0,'ÝíÌí',NULL,NULL,NULL,0),(77,'finland','finland.png',0,'ÝäáäÏÇ',NULL,NULL,NULL,0),(78,'france','france.png',0,'ÝÑäÓÇ',NULL,NULL,NULL,0),(79,'french guiana','french_guiana.png',0,'ÛíÇäÇ ÇáÝÑäÓíÉ',NULL,NULL,NULL,0),(80,'french polynesia','french_polynesia.png',0,'ÈæáíäíÒíÇ ÇáÝÑäÓíÉ',NULL,NULL,NULL,0),(81,'french southern territories','french_southern_territories.png',0,'ÇáãäÇØÞ ÇáÌäæÈíÉ áÝÑäÓÇ',NULL,NULL,NULL,0),(82,'gabon','gabon.png',0,'ÇáÛÇÈæä',NULL,NULL,NULL,0),(83,'gambia','gambia.png',0,'ÛÇãÈíÇ',NULL,NULL,NULL,0),(84,'georgia','georgia.png',0,'ÌæÑÌíÇ',NULL,NULL,NULL,0),(85,'germany','germany.png',0,'ÃáãÇäíÇ',NULL,NULL,NULL,0),(86,'ghana','ghana.png',0,'ÛÇäÇ',NULL,NULL,NULL,0),(87,'gibraltar','gibraltar.png',0,'ÌÈá ØÇÑÞ',NULL,NULL,NULL,0),(88,'greece','greece.png',1,'ÇáíæäÇä',NULL,NULL,NULL,0),(89,'greenland','greenland.png',0,'ÇáÃÑÖ ÇáÎÖÑÇÁ',NULL,NULL,NULL,0),(90,'grenada','grenada.png',0,'ÛÑíäÇÏÇ',NULL,NULL,NULL,0),(91,'guadeloupe','guadeloupe.png',0,'ÌæÇÏáæÈ',NULL,NULL,NULL,0),(92,'guam','guam.png',0,'ÛæÇã',NULL,NULL,NULL,0),(93,'guatemala','guatemala.png',0,'ÛæÇÊíãÇáÇ',NULL,NULL,NULL,0),(94,'guernsey','guernsey.png',0,'ÛíÑäÓí',NULL,NULL,NULL,0),(95,'guinea','guinea.png',0,'ÛíäíÇ',NULL,NULL,NULL,0),(96,'guinea bissau','guinea_bissau.png',0,'ÛíäíÇ ÈíÓÇæ',NULL,NULL,NULL,0),(97,'guyana','guyana.png',0,'ÛíÇäÇ',NULL,NULL,NULL,0),(98,'haiti','haiti.png',0,'åÇíÊí',NULL,NULL,NULL,0),(99,'honduras','honduras.png',0,'åäÏæÑÇÓ',NULL,NULL,NULL,0),(100,'hong kong','hong_kong.png',0,'åæäÛ ßæäÛ',NULL,NULL,NULL,0),(101,'hungary','hungary.png',0,'åäÛÇÑíÇ',NULL,NULL,NULL,0),(102,'iceland','iceland.png',0,'ÃíÓáäÏÇ',NULL,NULL,NULL,0),(103,'india','india.png',1,'ÇáåäÏ',NULL,NULL,NULL,0),(104,'indonesia','indonesia.png',0,'ÃäÏæäíÓíÇ',NULL,NULL,NULL,0),(105,'Iran','iran.png',0,'ÅíÑÇä','<p><strong>ÏÈí:</strong><br />\r\n<a href=\"\">http://www.dubaivisa.net/index.aspx</a></p>\r\n\r\n<p><strong>ÃÓÈÇäíÇ:</strong><br />\r\n<a href=\"\">http://www.vfsglobal.com/spain/iran/index.html</a></p>\r\n\r\n<p><strong>ÇáåäÏ:</strong><br />\r\n<a href=\"\">http://www.vfsglobal.com/india/iran/</a></p>\r\n\r\n<p><strong>ÇíØÇáíÇ:</strong><br />\r\n<a href=\"\">http://www.vfsglobal.com/italy/Iran</a></p>\r\n\r\n<p><strong>ÇáíæäÇä:</strong><br />\r\n<a href=\"\">http://www.vfsglobal.com/cyprus/iran/</a></p>\r\n','<p>Dubai:<br />\r\n<a href=\"\">http://www.dubaivisa.net/index.aspx</a></p>\r\n\r\n<p><strong>Spain:</strong><br />\r\n<a href=\"\">http://www.vfsglobal.com/spain/iran/index.html</a></p>\r\n\r\n<p><strong>India:</strong><br />\r\n<a href=\"\">http://www.vfsglobal.com/india/iran/</a></p>\r\n\r\n<p><strong>Italy:</strong><br />\r\n<a href=\"\">http://www.vfsglobal.com/italy/Iran</a></p>\r\n\r\n<p><strong>Cyprus:</strong><br />\r\n<a href=\"\">http://www.vfsglobal.com/cyprus/iran/</a></p>\r\n','countries_6.jpg',1),(106,'iraq','iraq.png',0,'ÇáÚÑÇÞ',NULL,NULL,NULL,0),(107,'ireland','ireland.png',0,'ÃíÑáäÏÇ',NULL,NULL,NULL,0),(108,'isle of man','isle_of_man.png',0,'ÌÒíÑÉ Âíá ÃæÝ ãÇä',NULL,NULL,NULL,0),(109,'israel','israel.png',0,'ÅÓÑÇÆíá',NULL,NULL,NULL,0),(110,'italy','italy.png',0,'ÅíØÇáíÇ',NULL,NULL,NULL,0),(111,'jamaica','jamaica.png',0,'ÌÇãÇíßÇ',NULL,NULL,NULL,0),(112,'japan','japan.png',0,'ÇáíÇÈÇä',NULL,NULL,NULL,0),(113,'jersey','jersey.png',0,'ÌíÑÓí',NULL,NULL,NULL,0),(114,'jordan','jordan.png',0,'ÇáÃÑÏä','<p>\n<b style=\"\"text-transform: uppercase\"\">ÏÈí:</b><br />\n<a href=\"\"http://www.dubaivisa.net/index.aspx\"\" target=\"\"_blank\"\">http://www.dubaivisa.net/index.aspx</a></p>\n<p>\n<b style=\"\"text-transform: uppercase\"\">ÃÓÈÇäíÇ:</b><br />\n<a href=\"\"http://www.vfsglobal.com/spain/jordan\"\" target=\"\"_blank\"\">http://www.vfsglobal.com/spain/jordan</a></p>\n<p>\n<b style=\"\"text-transform: uppercase\"\">ÇíØÇáíÇ:</b><br />\n<a href=\"\"http://www.vfsglobal.com/italy/jordan\"\" target=\"\"_blank\"\">http://www.vfsglobal.com/italy/jordan</a></p>\n<p>\n<b style=\"\"text-transform: uppercase\"\">ÇáíæäÇä:</b></p>\n<p>\n<a href=\"\"http://www.vfsglobal.com/greece/jordan\"\" target=\"\"_blank\"\">http://www.vfsglobal.com/greece/jordan</a></p>\n<p>\n<b style=\"\"text-transform: uppercase\"\">ÇáåäÏ:</b></p>\n<p>\n<a href=\"\"https://ex10.mawaredhouse.com/owa/redir.aspx?C=PnjRqHFbR0CjNSiJE6HsPL23zqayxs8If6LhgUCcNORqe6iq-WPiCftweLZdEz_F5zqiAwDwKKA.&amp;URL=http%3a%2f%2fwww.vfsglobal.com%2fIndia%2fJordan\"\" target=\"\"_blank\"\">http://www.vfsglobal.com/India/Jordan</a></p>','<p>\n<b style=\"\"text-transform: uppercase\"\">Dubai:</b></p>\n<p>\n<a href=\"\"http://www.dubaivisa.net/index.aspx\"\" target=\"\"_blank\"\">http://www.dubaivisa.net/index.aspx</a></p>\n<p>\n<b style=\"\"text-transform: uppercase\"\">Spain:</b></p>\n<p>\n<a href=\"\"http://www.vfsglobal.com/spain/jordan\"\" target=\"\"_blank\"\">http://www.vfsglobal.com/spain/jordan</a></p>\n<p>\n<b style=\"\"text-transform: uppercase\"\">Italy:</b></p>\n<p>\n<a href=\"\"http://www.vfsglobal.com/italy/jordan\"\" target=\"\"_blank\"\">http://www.vfsglobal.com/italy/jordan</a></p>\n<p>\n<b style=\"\"text-transform: uppercase\"\">norway:</b><br />\n<a href=\"\"http://www.vfsglobal.com/norway/jordan/index.html\"\" target=\"\"_blank\"\">http://www.vfsglobal.com/norway/jordan/index.html</a></p>\n<p>\n<b style=\"\"text-transform: uppercase\"\">India:</b></p>\n<p>\n<a href=\"\"https://ex10.mawaredhouse.com/owa/redir.aspx?C=PnjRqHFbR0CjNSiJE6HsPL23zqayxs8If6LhgUCcNORqe6iq-WPiCftweLZdEz_F5zqiAwDwKKA.&amp;URL=http%3a%2f%2fwww.vfsglobal.com%2fIndia%2fJordan\"\" target=\"\"_blank\"\">http://www.vfsglobal.com/India/Jordan</a></p>','countries_4.jpg',1),(115,'kazakhstan','kazakhstan.png',0,'ßÇÒÇÎÓÊÇä',NULL,NULL,NULL,0),(116,'kenya','kenya.png',0,'ßíäíÇ',NULL,NULL,NULL,0),(117,'kiribati','kiribati.png',0,'ßíÑíÈÇÓ',NULL,NULL,NULL,0),(118,'kosovo','kosovo.png',0,'ßæÓæÝæ',NULL,NULL,NULL,0),(119,'kuwait','kuwait.png',0,'ÇáßæíÊ','<p>\n<b>&nbsp;ÇáÈÑíØÇäíÉ:</b><br />\n<a href=\"\"http://www.vfs-uk-kw.com/\"\" target=\"\"_blank\"\">http://www.vfs-uk-kw.com/</a><br />\n 	ØáÈÇÊ ÇæäáÇíä:<span style=\"\"display: none\"\">&nbsp; <a href=\"\"http://www.visa4uk.fco.gov.uk/\"\" target=\"\"_blank\"\">http://www.visa4uk.fco.gov.uk<span style=\"\"display: none\"\">&nbsp;/</span></a><br />\n<span style=\"\"display: none\"\">ÊÚííä: <a href=\"\"https://www.vfs.firm.in/kw-apptsystem/appscheduling/appwelcome.aspx\"\" target=\"\"_blank\"\">https://www.vfs.firm.in/kw-apptsystem/appscheduling/appwelcome.aspx</a></span></span></p>\n<p>\n<span style=\"\"display: none\"\"><span style=\"\"display: none\"\"><b style=\"\"text-transform: uppercase\"\">ÃÓÊÑÇáíÇ:</b><br />\n<a href=\"\"http://www.vfs-au-gcc.com\"\" target=\"\"_blank\"\">http://www.vfs-au-gcc.com</a></span></span></p>\n<p>\n<span style=\"\"display: none\"\"><span style=\"\"display: none\"\"><b style=\"\"text-transform: uppercase\"\">ÃÓÈÇäíÇ:&nbsp;<span style=\"\"display: none\"\"> </span></b><span style=\"\"display: none\"\"><a href=\"\"http://www.vfsglobal.com/spain/kuwait\"\" target=\"\"_blank\"\">http://www.vfsglobal.com/spain/kuwait</a><span style=\"\"display: none\"\">&nbsp;<br />\n 	ÊÚííä:<span style=\"\"display: none\"\">&nbsp; <a href=\"\"https://www.vfsvisaservices.com/Spain-Global-Appointment/english/Kuwait/ScheduleAnAppointment.html\"\" target=\"\"_blank\"\">https://www.vfsvisaservices.com/Spain-Global-Appointment/</a></span></span></span></span></span></p>\n<p>\n<span style=\"\"display: none\"\"><span style=\"\"display: none\"\"><span style=\"\"display: none\"\"><span style=\"\"display: none\"\"><span style=\"\"display: none\"\">ÈáÛÇÑíÇ:<a href=\"\"http://www.vfsglobal.com/bulgaria/kuwait/\"\">http://www.vfsglobal.com/bulgaria/kuwait/</a></span></span></span></span></span></p>\n<p>\n<span style=\"\"display: none\"\"><span style=\"\"display: none\"\"><span style=\"\"display: none\"\"><span style=\"\"display: none\"\"><span style=\"\"display: none\"\"><b style=\"\"text-transform: uppercase\"\">ÇáíæäÇä: </b><a href=\"\"http://www.vfsglobal.com/greece/kuwait/\"\">http://www.vfsglobal.com/greece/kuwait/</a></span></span></span></span></span></p>\n<p>\n<span style=\"\"display: none\"\"><span style=\"\"display: none\"\"><span style=\"\"display: none\"\"><span style=\"\"display: none\"\"><span style=\"\"display: none\"\">ÇáäãÓÇ: <a href=\"\"http://www.vfsglobal.com/greece/kuwait/\"\">http://www.vfsglobal.com/Austria/Kuwait/</a></span></span></span></span></span></p>\n<p>\n<span style=\"\"display: none\"\"><span style=\"\"display: none\"\"><span style=\"\"display: none\"\"><span style=\"\"display: none\"\"><span style=\"\"display: none\"\">&nbsp;</span></span></span></span></span></p>\n ','<p>\n<b>UK:</b><a href=\"\"http://www.vfs-uk-kw.com/\"\" target=\"\"_blank\"\">http://www.vfs-uk-kw.com/</a><br />\n 	Online Application:<a href=\"\"http://www.visa4uk.fco.gov.uk/\"\" target=\"\"_blank\"\">http://www.visa4uk.fco.gov.uk/</a><br />\n 	Appointment: <a href=\"\"https://www.vfs.firm.in/kw-apptsystem/appscheduling/appwelcome.aspx\"\" target=\"\"_blank\"\">https://www.vfs.firm.in/kw-apptsystem/appscheduling/appwelcome.aspx</a></p>\n<p>\n<b>Australia:</b><a href=\"\"http://www.vfs-au-gcc.com\"\" target=\"\"_blank\"\">http://www.vfs-au-gcc.com</a></p>\n<p>\n<b>Spain:</b><a href=\"\"http://www.vfsglobal.com/spain/kuwait\"\" target=\"\"_blank\"\">http://www.vfsglobal.com/spain/kuwait</a><br />\n 	Appointment:&nbsp; <a href=\"\"https://www.vfsvisaservices.com/Spain-Global-Appointment/english/Kuwait/ScheduleAnAppointment.html\"\" target=\"\"_blank\"\">https://www.vfsvisaservices.com/Spain-Global-Appointment/.</a></p>\n<p>\n<strong>Canada</strong>:&nbsp;<a href=\"\"http://www.vfsglobal.ca/Canada\"\"><span style=\"\"color: #0000ff\"\">http://www.vfsglobal.ca/Canada</span></a></p>\n<p>\n<strong>Greece</strong>: &nbsp;<a href=\"\"http://www.vfsglobal.com/greece/kuwait/\"\">http://www.vfsglobal.com/greece/kuwait/</a></p>\n<p>\n<strong>Austria</strong>: <a href=\"\"http://www.vfsglobal.com/Austria/kuwait/\"\">http://www.vfsglobal.com/Austria/Kuwait/</a></p>\n<p>\n<strong>Switzerland</strong>: <a href=\"\"https://www.vfsglobal.ch/Switzerland/kuwait/\"\">https://www.vfsglobal.ch/Switzerland/kuwait/</a></p>\n \n \n<p>\n<strong>Slovenia </strong>: <a href=\"\"http://www.vfsglobal.com/Slovenia/kuwait/index.html\"\">http://www.vfsglobal.com/Slovenia/kuwait/index.html</a></p>','countries_1.jpg',1),(120,'kyrgyzstan','kyrgyzstan.png',0,'ÞíÑÛíÒÓÊÇä',NULL,NULL,NULL,0),(121,'laos','laos.png',0,'áÇæÓ',NULL,NULL,NULL,0),(122,'latvia','latvia.png',0,'áÇÊÝíÇ',NULL,NULL,NULL,0),(123,'Lebanon','lebanon.png',0,'áÈäÇä','<p><strong>&Iuml;&Egrave;&iacute;:</strong><a href=\"\">http://www.dubaivisa.net/lebanon</a></p>\r\n\r\n<p><strong>&Atilde;&Oacute;&Egrave;&Ccedil;&auml;&iacute;&Ccedil;:</strong><a href=\"\">http://www.vfsglobal.net/spain/lebanon/index.html</a></p>\r\n\r\n<p><strong>&szlig;&auml;&Iuml;&Ccedil;:</strong>http:<u>//www.vfsglobal.ca/Canada</u></p>\r\n\r\n<p>&nbsp;</p>\r\n\r\n<p><strong>&Ccedil;&aacute;&iacute;&aelig;&auml;&Ccedil;&auml;:</strong><u>http://www.vfsglobal.com/greece/lebanon</u></p>\r\n','<p><strong>Dubai:</strong><a href=\"\">http://www.dubaivisa.net/lebanon</a></p>\r\n\r\n<p><strong>Spain:</strong><a href=\"\">http://www.vfsglobal.net/spain/lebanon/index.html</a></p>\r\n\r\n<p><strong>CANADA</strong>:<u>http://www.vfsglobal.ca/Canada</u></p>\r\n\r\n<p><strong>CYPRUS:</strong><u>http://www.vfsglobal.com/cyprus/lebanon</u></p>\r\n','countries_5.jpg',1),(124,'lesotho','lesotho.png',0,'áíÓæÊæ',NULL,NULL,NULL,0),(125,'liberia','liberia.png',0,'áíÈíÑíÇ',NULL,NULL,NULL,0),(126,'libya','libya.png',0,'áíÈíÇ',NULL,NULL,NULL,0),(127,'liechtenstein','liechtenstein.png',0,'áíÎÊäÔÊÇíä',NULL,NULL,NULL,0),(128,'lithuania','lithuania.png',0,'áíÊæÇäíÇ',NULL,NULL,NULL,0),(129,'luxembourg','luxembourg.png',0,'áæßÓãÈæÑÛ',NULL,NULL,NULL,0),(130,'macau','macau.png',0,'ãÇßÇæ',NULL,NULL,NULL,0),(131,'macedonia','macedonia.png',0,'ãÞÏæäíÇ',NULL,NULL,NULL,0),(132,'madagascar','madagascar.png',0,'ãÏÛÔÞÑ',NULL,NULL,NULL,0),(133,'malawi','malawi.png',0,'ãáÇæí',NULL,NULL,NULL,0),(134,'malaysia','malaysia.png',0,'ãÇáíÒíÇ',NULL,NULL,NULL,0),(135,'maldives','maldives.png',0,'ÌÒÑ ÇáãÇáÏíÝ',NULL,NULL,NULL,0),(136,'mali','mali.png',0,'ãÇáí',NULL,NULL,NULL,0),(137,'malta','malta.png',0,'ãÇáØÇ',NULL,NULL,NULL,0),(138,'marshall islands','marshall_islands.png',0,'ÌÒÑ ãÇÑÔÇá',NULL,NULL,NULL,0),(139,'martinique','martinique.png',0,'ÇáãÇÑÊíäíß',NULL,NULL,NULL,0),(140,'mauritania','mauritania.png',0,'ãæÑíÊÇäíÇ',NULL,NULL,NULL,0),(141,'mauritius','mauritius.png',0,'ãæÑíÔíæÓ',NULL,NULL,NULL,0),(142,'mayotte','mayotte.png',0,'ãÇíæÊ',NULL,NULL,NULL,0),(143,'mexico','mexico.png',0,'ÇáãßÓíß',NULL,NULL,NULL,0),(144,'micronesia','micronesia.png',0,'ãíßÑæäíÒíÇ',NULL,NULL,NULL,0),(145,'moldova','moldova.png',0,'ãæáÏæÝÇ',NULL,NULL,NULL,0),(146,'monaco','monaco.png',0,'ãæäÇßæ',NULL,NULL,NULL,0),(147,'mongolia','mongolia.png',0,'ãäÛæáíÇ',NULL,NULL,NULL,0),(148,'montenegro','montenegro.png',0,'ÇáÌÈá ÇáÃÓæÏ',NULL,NULL,NULL,0),(149,'montserrat','montserrat.png',0,'ãæäÊÓíÑÇÊ',NULL,NULL,NULL,0),(150,'morocco','morocco.png',1,'ÇáãÛÑÈ','<p>\n<b style=\"\"text-transform:uppercase\"\">ÃÓÈÇäíÇ:</b><br />\n<a href=\"\"http://www.vfsglobal.com/spain/morocco/\"\" target=\"\"_blank\"\"><span style=\"\"color:#0000ff;\"\">http://www.vfsglobal.com/spain/morocco</span></a></p>\n<p>\n<b style=\"\"text-transform:uppercase\"\">ÈáÌíßÇ:</b></p>\n<p>\n<a href=\"\"http://www.vfs-be-ma.com/index.html\"\" target=\"\"_blank\"\"><span style=\"\"color:#0000ff;\"\">http://www.vfs-be-ma.com/index.html</span></a></p>\n<p>\n<b style=\"\"text-transform:uppercase\"\">ÇáÓæíÏ:</b><br />\n<a href=\"\"http://www.vfsglobal.com/sweden/morocco/\"\" target=\"\"_blank\"\"><span style=\"\"color:#0000ff;\"\">http://www.vfsglobal.com/sweden/morocco/</span></a></p>','<p>\n<b style=\"\"text-transform:uppercase\"\">Austria:</b>&nbsp; <span style=\"\"color:#0000ff;\"\"><a href=\"\"http://www.vfsglobal.com/Austria/Morocco/English/index.html\"\" target=\"\"_blank\"\">http://www.vfsglobal.com/Austria/Morocco/English/index.html</a></span></p>\n<p>\n<b style=\"\"text-transform:uppercase\"\">Belgium:</b>&nbsp;\n<a href=\"\"http://www.vfs-be-ma.com/index.html\"\" target=\"\"_blank\"\"><span style=\"\"color:#0000ff;\"\">http://www.vfs-be-ma.com/index.html</span></a></p>\n<p>\n<b style=\"\"text-transform:uppercase\"\">Canada:</b>&nbsp;\n<span style=\"\"color:#0000ff;\"\"><a href=\"\"http://www.vfsglobal.ca/Canada/Morocco/English/\"\" target=\"\"_blank\"\">http://www.vfsglobal.ca/Canada/Morocco/English/</a></span></p>\n<p>\n<b style=\"\"text-transform:uppercase\"\">Croatia:</b>&nbsp;\n<span style=\"\"color:#0000ff;\"\"><a href=\"\"http://www.vfsglobal.com/croatia/morocco\"\" target=\"\"_blank\"\">http://www.vfsglobal.com/croatia/morocco</a></span></p>\n<p>\n<b style=\"\"text-transform:uppercase\"\">Sweden:</b>&nbsp;\n<span style=\"\"color:#0000ff;\"\"><a href=\"\"http://www.vfsglobal.com/sweden/morocco/\"\" target=\"\"_blank\"\">http://www.vfsglobal.com/sweden/morocco/</a></span></p>\n<p>\n<b style=\"\"text-transform:uppercase\"\">Spain:</b>&nbsp;\n<a href=\"\"http://www.vfsglobal.com/spain/morocco/\"\" target=\"\"_blank\"\"><span style=\"\"color:#0000ff;\"\">http://www.vfsglobal.com/spain/morocco</span></a></p>\n<p>\n<b style=\"\"text-transform:uppercase\"\">Netherlands:</b>&nbsp;\n<span style=\"\"color:#0000ff;\"\"><a href=\"\"http://www.vfsglobal.com/Netherlands/Morocco/english/index.html/\"\" target=\"\"_blank\"\">http://www.vfsglobal.com/Netherlands/Morocco/english/index.html/</a></span></p>\n<p>\n<b style=\"\"text-transform:uppercase\"\">Portugal:</b> <span style=\"\"color:#0000ff;\"\"><a href=\"\"http://www.vfsglobal.com/portugal/morocco/English/index.html\"\" target=\"\"_blank\"\">http://www.vfsglobal.com/portugal/morocco/English/index.html</a></span></p>\n<p>\n 	&nbsp;</p>','countries_2.jpg',1),(151,'mozambique','mozambique.png',0,'ãæÒãÈíÞ',NULL,NULL,NULL,0),(152,'myanmar','myanmar.png',0,'ãíÇäãÇÑ',NULL,NULL,NULL,0),(153,'namibia','namibia.png',0,'äÇãíÈíÇ',NULL,NULL,NULL,0),(154,'nauru','nauru.png',0,'äÇæÑæ',NULL,NULL,NULL,0),(155,'nepal','nepal.png',0,'äíÈÇá',NULL,NULL,NULL,0),(156,'netherlands','netherlands.png',1,'åæáäÏÇ',NULL,NULL,NULL,0),(157,'new caledonia','new_caledonia.png',0,'ßÇáíÏæäíÇ ÇáÌÏíÏÉ',NULL,NULL,NULL,0),(158,'new zealand','new_zealand.png',0,'äíæÒíáÇäÏÇ',NULL,NULL,NULL,0),(159,'nicaragua','nicaragua.png',0,'äíßÇÑÇÛæÇ',NULL,NULL,NULL,0),(160,'niger','niger.png',0,'ÇáäíÌÑ',NULL,NULL,NULL,0),(161,'nigeria','nigeria.png',0,'äíÌíÑíÇ',NULL,NULL,NULL,0),(162,'niue','niue.png',0,'äíæí',NULL,NULL,NULL,0),(163,'norfolk island','norfolk_island.png',0,'ÌÒíÑÉ äæÑÝæáß',NULL,NULL,NULL,0),(164,'northern mariana islands','northern_mariana_islands.png',0,'ÌÒÑ ãÑíÇäÇ ÇáÔãÇáíÉ',NULL,NULL,NULL,0),(165,'north korea','north_korea.png',0,'ßæÑíÇ ÇáÔãÇáíÉ',NULL,NULL,NULL,0),(166,'norway','norway.png',1,'ÇáäÑæíÌ',NULL,NULL,NULL,0),(167,'oman','oman.png',0,'ÓáØäÉ ÚãÇä',NULL,NULL,NULL,0),(168,'Pakistan','pakistan.png',0,'ÈÇßÓÊÇä',NULL,NULL,NULL,0),(169,'palau','palau.png',0,'ÈÇáÇæ',NULL,NULL,NULL,0),(170,'palestinian territories','palestinian_territories.png',0,'ÇáÇÑÇÖí ÇáÝáÓØíäíÉ',NULL,NULL,NULL,0),(171,'panama','panama.png',0,'ÈäÇãÇ',NULL,NULL,NULL,0),(172,'papua new guinea','papua_new_guinea.png',0,'ÈÇÈæÇ ÛíäíÇ ÇáÌÏíÏÉ',NULL,NULL,NULL,0),(173,'paraguay','paraguay.png',0,'ÈÇÑÇÛæÇí',NULL,NULL,NULL,0),(174,'peru','peru.png',0,'ÈíÑæ',NULL,NULL,NULL,0),(175,'philippines','philippines.png',0,'ÇáÝáÈíä',NULL,NULL,NULL,0),(176,'pitcairn islands','pitcairn_islands.png',0,'ÌÒÑ ÈíÊßíÑä',NULL,NULL,NULL,0),(177,'poland','poland.png',0,'ÈæáäÏÇ',NULL,NULL,NULL,0),(178,'portugal','portugal.png',1,'ÇáÈÑÊÛÇá',NULL,NULL,NULL,0),(179,'puerto rico','puerto_rico.png',0,'ÈæÑÊæÑíßæ',NULL,NULL,NULL,0),(180,'qatar','qatar.png',0,'ÞØÑ',NULL,NULL,NULL,0),(181,'reunion','reunion.png',0,'ÌãÚ Ôãá',NULL,NULL,NULL,0),(182,'romania','romania.png',0,'ÑæãÇäíÇ',NULL,NULL,NULL,0),(183,'russia','russia.png',0,'ÑæÓíÇ',NULL,NULL,NULL,0),(184,'rwanda','rwanda.png',0,'ÑæÇäÏÇ',NULL,NULL,NULL,0),(185,'samoa','samoa.png',0,'ÓÇãæÇ',NULL,NULL,NULL,0),(186,'san marino','san_marino.png',0,'ÓÇä ãÇÑíäæ',NULL,NULL,NULL,0),(187,'sao tome principe','sao_tome_principe.png',0,'ÓÇæ Êæãí ÈÑíäÓíÈí',NULL,NULL,NULL,0),(188,'saudi arabia','saudi_arabia.png',0,'ÇáããáßÉ ÇáÚÑÈíÉ ÇáÓÚæÏíÉ',NULL,NULL,NULL,0),(189,'senegal','senegal.png',0,'ÇáÓäÛÇá',NULL,NULL,NULL,0),(190,'serbia','serbia.png',0,'ÕÑÈíÇ',NULL,NULL,NULL,0),(191,'seychelles','seychelles.png',0,'ÓíÔíá',NULL,NULL,NULL,0),(192,'sierra leone','sierra_leone.png',0,'ÓíÑÇ áíæä',NULL,NULL,NULL,0),(193,'singapore','singapore.png',0,'ÓäÛÇÝæÑÉ',NULL,NULL,NULL,0),(194,'sint maarten','sint_maarten.png',0,'ÓÇäÊ ãÇÑÊä',NULL,NULL,NULL,0),(195,'slovakia','slovakia.png',0,'ÓáæÝÇßíÇ',NULL,NULL,NULL,0),(196,'slovenia','slovenia.png',1,'ÓáæÝíäíÇ',NULL,NULL,NULL,0),(197,'solomon islands','solomon_islands.png',0,'ÌÒÑ ÓáíãÇä',NULL,NULL,NULL,0),(198,'somalia','somalia.png',0,'ÇáÕæãÇá',NULL,NULL,NULL,0),(199,'south africa','south_africa.png',0,'ÌäæÈ ÃÝÑíÞíÇ',NULL,NULL,NULL,0),(200,'south georgia south sandwich islands','south_georgia_south_sandwich_islands.png',0,'ÌæÑÌíÇ ÇáÌäæÈíÉ ÌÒÑ ÓÇäÏæíÊÔ ÇáÌäæÈíÉ',NULL,NULL,NULL,0),(201,'south korea','south_korea.png',0,'ßæÑíÇ ÇáÌäæÈíÉ',NULL,NULL,NULL,0),(202,'south sudan','south_sudan.png',0,'ÌäæÈ ÇáÓæÏÇä',NULL,NULL,NULL,0),(203,'spain','spain.png',1,'ÅÓÈÇäíÇ',NULL,NULL,NULL,0),(204,'sri lanka','sri_lanka.png',0,'ÓíÑíáÇäßÇ',NULL,NULL,NULL,0),(205,'st barthelemy','st_barthelemy.png',0,'Ô ÈÇÑÊíáíãí',NULL,NULL,NULL,0),(206,'st helena','st_helena.png',0,'ÓÇäÊ åíáíä',NULL,NULL,NULL,0),(207,'st kitts nevis','st_kitts_nevis.png',0,'ÓÇäÊ ßíÊÓ äíÝíÓ',NULL,NULL,NULL,0),(208,'st lucia','st_lucia.png',0,'ÔÇÑÚ áæÓíÇ',NULL,NULL,NULL,0),(209,'st pierre miquelon','st_pierre_miquelon.png',0,'ÔÇÑÚ ÈííÑ ãíßáæä',NULL,NULL,NULL,0),(210,'st vincent grenadines','st_vincent_grenadines.png',0,'ÌÒÑ ÛÑíäÇÏíä ÓÇäÊ ÝäÓäÊ',NULL,NULL,NULL,0),(211,'sudan','sudan.png',0,'ÓæÏÇä',NULL,NULL,NULL,0),(212,'suriname','suriname.png',0,'ÓæÑíäÇã',NULL,NULL,NULL,0),(213,'swaziland','swaziland.png',0,'ÓæÇÒíáÇäÏ',NULL,NULL,NULL,0),(214,'sweden','sweden.png',0,'ÇáÓæíÏ',NULL,NULL,NULL,0),(215,'switzerland','switzerland.png',1,'ÓæíÓÑÇ',NULL,NULL,NULL,0),(216,'syria','syria.png',0,'ÓæÑíÇ','<p>\n<span style=\"\"color:#0000ff;\"\"><strong>Syria Opertaions temporarily suspended !!</strong></span></p>','<p>\n<span style=\"\"color:#0000ff;\"\"><strong>Syria Opertaions temporarily suspended !!</strong></span></p>\n<p>\n 	&nbsp;</p>','countries_3.jpg',1),(217,'taiwan','taiwan.png',0,'ÊÇíæÇä',NULL,NULL,NULL,0),(218,'tajikistan','tajikistan.png',0,'ØÇÌíßÓÊÇä',NULL,NULL,NULL,0),(219,'tanzania','tanzania.png',0,'ÊäÒÇäíÇ',NULL,NULL,NULL,0),(220,'thailand','thailand.png',0,'ÊÇíáäÏ',NULL,NULL,NULL,0),(221,'timor leste','timor_leste.png',0,'ÊíãæÑ ÇáÔÑÞíÉ',NULL,NULL,NULL,0),(222,'togo','togo.png',0,'ÊæÛæ',NULL,NULL,NULL,0),(223,'tokelau','tokelau.png',0,'ÊæßíáÇæ',NULL,NULL,NULL,0),(224,'tonga','tonga.png',0,'ÊæäÛÇ',NULL,NULL,NULL,0),(225,'trinidad tobago','trinidad_tobago.png',0,'ÊÑíäíÏÇÏ æÊæÈÇÌæ',NULL,NULL,NULL,0),(226,'tunisia','tunisia.png',0,'ÊæäÓ',NULL,NULL,NULL,0),(227,'turkey','turkey.png',1,'Ïíß Ñæãí',NULL,NULL,NULL,0),(228,'turkmenistan','turkmenistan.png',0,'ÊÑßãÇäÓÊÇä',NULL,NULL,NULL,0),(229,'turks caicos islands','turks_caicos_islands.png',0,'ÌÒÑ ÊÑßÓ ßÇíßæÓ',NULL,NULL,NULL,0),(230,'tuvalu','tuvalu.png',0,'ÊæÝÇáæ',NULL,NULL,NULL,0),(231,'uganda','uganda.png',0,'ÃæÛäÏÇ',NULL,NULL,NULL,0),(232,'ukraine','ukraine.png',0,'ÃæßÑÇäíÇ',NULL,NULL,NULL,0),(233,'united arab emirates','united_arab_emirates.png',1,'ÇáÅãÇÑÇÊ ÇáÚÑÈíÉ ÇáãÊÍÏÉ',NULL,NULL,NULL,0),(234,'united kingdom','united_kingdom.png',1,'ÇáããáßÉ ÇáãÊÍÏÉ',NULL,NULL,NULL,0),(235,'united states','united_states.png',0,'ÇáæáÇíÇÊ ÇáãÊÍÏÉ',NULL,NULL,NULL,0),(236,'uruguay','uruguay.png',0,'ÃæÑæÛæÇí',NULL,NULL,NULL,0),(237,'us virgin islands','us_virgin_islands.png',0,'ÌÒÑ ÇáÚÐÑÇÁ ÇáÃãÑíßíÉ',NULL,NULL,NULL,0),(238,'uzbekistan','uzbekistan.png',0,'ÃæÒÈßÓÊÇä',NULL,NULL,NULL,0),(239,'vanuatu','vanuatu.png',0,'ÝÇäæÇÊæ',NULL,NULL,NULL,0),(240,'vatican city','vatican_city.png',0,'ãÏíäÉ ÇáÝÇÊíßÇä',NULL,NULL,NULL,0),(241,'venezuela','venezuela.png',0,'ÝäÒæíáÇ',NULL,NULL,NULL,0),(242,'vietnam','vietnam.png',0,'ÝíÊäÇã',NULL,NULL,NULL,0),(243,'wallis futuna','wallis_futuna.png',0,'ÝæÊæäÇ ÇáíÓ',NULL,NULL,NULL,0),(244,'western sahara','western_sahara.png',0,'ÇáÕÍÑÇÁ ÇáÛÑÈíÉ',NULL,NULL,NULL,0),(245,'yemen','yemen.png',0,'Çáíãä',NULL,NULL,NULL,0),(246,'zambia','zambia.png',0,'ÒÇãÈíÇ',NULL,NULL,NULL,0),(247,'zimbabwe','zimbabwe.png',0,'ÒíãÈÇÈæí',NULL,NULL,NULL,0);
/*!40000 ALTER TABLE `countries` ENABLE KEYS */;
UNLOCK TABLES;

--
-- Table structure for table `countries_content`
--

DROP TABLE IF EXISTS `countries_content`;
/*!40101 SET @saved_cs_client     = @@character_set_client */;
/*!40101 SET character_set_client = utf8 */;
CREATE TABLE `countries_content` (
  `countries_content_id` int(11) NOT NULL AUTO_INCREMENT,
  `countries_id` int(11) NOT NULL,
  `countries_mission_en` varchar(300) DEFAULT NULL,
  `countries_website_en` varchar(300) DEFAULT NULL,
  PRIMARY KEY (`countries_content_id`),
  UNIQUE KEY `countries_content_id_UNIQUE` (`countries_content_id`)
) ENGINE=MyISAM AUTO_INCREMENT=48 DEFAULT CHARSET=latin1;
/*!40101 SET character_set_client = @saved_cs_client */;

--
-- Dumping data for table `countries_content`
--

LOCK TABLES `countries_content` WRITE;
/*!40000 ALTER TABLE `countries_content` DISABLE KEYS */;
INSERT INTO `countries_content` VALUES (1,150,'203','http://www.vfsglobal.com/spain/morocco/'),(2,150,'15','http://www.vfsglobal.com/Austria/Morocco/'),(3,150,'178','http://www.vfsglobal.com/portugal/morocco/'),(4,150,'39','http://www.vfsglobal.ca/Canada/Morocco/'),(5,150,'214','https://www.vfsglobal.se/Morocco/index.html'),(6,150,'57','http://www.vfsglobal.com/croatia/morocco/'),(7,150,'156','http://www.vfsglobal.com/netherlands/morocco/'),(8,4,'203','http://www.vfsglobal.com/Spain/Algeria'),(9,4,'88','http://www.vfsglobal.com/Greece/Algeria'),(10,4,'137','http://www.vfsglobal.com/Malta/Algeria'),(11,4,'39','http://www.vfsglobal.ca/Canada/Algeria'),(12,4,'57','http://www.vfsglobal.com/Croatia/Algeria'),(13,4,'15','http://www.vfsglobal.com/Austria/Algeria'),(14,4,'227','http://www.vfsglobal.com/Turkey/Algeria'),(15,4,'101','http://www.vfsglobal.com/Hungary/Algeria'),(16,114,'57','http://www.vfsglobal.com/croatia/Jordan'),(17,114,'60','http://www.vfsglobal.com/cyprus/jordan'),(18,114,'61','http://www.vfsglobal.com/czechrepublic/Jordan'),(19,114,'88','http://www.vfsglobal.com/greece/Jordan'),(20,114,'103','http://www.vfsglobal.com/india/Jordan'),(21,114,'166','http://www.vfsglobal.com/norway/Jordan'),(22,114,'203','http://www.vfsglobal.com/spain/Jordan'),(23,114,'214','http://www.vfsglobal.se/Jordan'),(24,105,'234','http://www.vfsglobal.co.uk/iran/'),(25,105,'233','http://www.dubaivisa.net/'),(26,123,'203','http://www.vfsglobal.com/spain/lebanon'),(27,123,'88','http://www.vfsglobal.com/greece/lebanon'),(28,123,'166','http://www.vfsglobal.com/Norway/Lebanon'),(29,123,'15','http://www.vfsglobal.com/Austria/lebanon'),(30,123,'156','http://www.vfsglobal.com/Netherlands/Lebanon'),(31,123,'60','http://www.vfsglobal.com/cyprus/lebanon'),(32,123,'39','http://www.vfsglobal.ca/Canada/Lebanon'),(33,123,'233','http://www.dubaivisa.net/lebanon'),(34,123,'214','http://www.vfsglobal.se/lebanon'),(35,123,'57','http://www.vfsglobal.com/croatia/Lebanon'),(36,119,'14','http://www.vfsglobal.com/Australia/GCC/'),(37,119,'15','http://vfsglobal.com/austria/kuwait/'),(38,119,'39','http://www.vfsglobal.ca/canada/Kuwait/index.html'),(39,119,'57','http://vfsglobal.com/croatia/kuwait/'),(40,119,'61','http://www.vfsglobal.com/czechrepublic/kuwait/'),(41,119,'88','http://vfsglobal.com/greece/kuwait/'),(42,119,'101','http://vfsglobal.com/hungary/kuwait/'),(43,119,'156','http://vfsglobal.com/netherlands/kuwait/'),(44,119,'196','http://www.vfsglobal.com/slovenia/kuwait/'),(45,119,'203','http://vfsglobal.com/spain/kuwait/'),(46,119,'215','https://www.vfsglobal.ch/switzerland/kuwait/index.html'),(47,119,'234','https://www.vfsglobal.co.uk/kuwait/');
/*!40000 ALTER TABLE `countries_content` ENABLE KEYS */;
UNLOCK TABLES;

--
-- Table structure for table `gallery`
--

DROP TABLE IF EXISTS `gallery`;
/*!40101 SET @saved_cs_client     = @@character_set_client */;
/*!40101 SET character_set_client = utf8 */;
CREATE TABLE `gallery` (
  `gallery_id` int(10) NOT NULL,
  `gallery_name_ar` varchar(255) NOT NULL,
  `gallery_name_en` varchar(255) DEFAULT NULL,
  `gallery_photo` varchar(150) DEFAULT NULL,
  `gallery_thumb` varchar(150) DEFAULT NULL,
  `gallery_type` tinyint(1) DEFAULT NULL,
  PRIMARY KEY (`gallery_id`)
) ENGINE=MyISAM DEFAULT CHARSET=latin1;
/*!40101 SET character_set_client = @saved_cs_client */;

--
-- Dumping data for table `gallery`
--

LOCK TABLES `gallery` WRITE;
/*!40000 ALTER TABLE `gallery` DISABLE KEYS */;
INSERT INTO `gallery` VALUES (1,'Algeria team mates in Swiss trip 2015','Algeria team mates in Swiss trip 2015','Algeria_team_mates_in_Swiss_trip_2015.jpg','Algeria_team_mates_in_Swiss_trip_2015.jpg',1),(2,'Annual picnic in Kuwait 2016 1','Annual picnic in Kuwait 2016 1','Annual picnic in Kuwait 2016 (1).jpg','Annual picnic in Kuwait 2016 (1).jpg',1),(3,'Annual picnic in Kuwait 2016 2','Annual picnic in Kuwait 2016 2','Annual picnic in Kuwait 2016 (2).jpg','Annual picnic in Kuwait 2016 (2).jpg',1),(4,'Annual picnic in Kuwait 2016 3','Annual picnic in Kuwait 2016 3','Annual picnic in Kuwait 2016 (3).jpg','Annual picnic in Kuwait 2016 (3).jpg',1),(5,'Annual picnic in Kuwait 2016 4','Annual picnic in Kuwait 2016 4','Annual picnic in Kuwait 2016.jpg','Annual picnic in Kuwait 2016.jpg',1),(13,' MH team with Hungary MFA officials',' MH team with Hungary MFA officials','1472399203.jpg',NULL,1),(7,'Swiss Trip 2014','Swiss Trip 2014','Swiss Trip 2014.jpg','Swiss Trip 2014.jpg',1),(8,'Swiss Trip 2015','Swiss Trip 2015','Swiss Trip 2015.jpg','Swiss Trip 2015.jpg',1),(9,'Swiss Trip 2015','Swiss Trip 2015','Swiss Trip 2015 (2).jpg','Swiss Trip 2015 (2).jpg',1),(10,'Team dinner in Lebanon with Cyprus Embassy','Team dinner in Lebanon with Cyprus Embassy','Team dinner in Lebanon with Cyprus Embassy.jpg','Team dinner in Lebanon with Cyprus Embassy.jpg',1),(11,'Team dinner in Lebanon','Team dinner in Lebanon','Team dinner in Lebanon.jpg','Team dinner in Lebanon.jpg',1),(12,'Women power in Mawared House','Women power in Mawared House','Women power in Mawared House.jpg','Women power in Mawared House.jpg',1);
/*!40000 ALTER TABLE `gallery` ENABLE KEYS */;
UNLOCK TABLES;

--
-- Table structure for table `news`
--

DROP TABLE IF EXISTS `news`;
/*!40101 SET @saved_cs_client     = @@character_set_client */;
/*!40101 SET character_set_client = utf8 */;
CREATE TABLE `news` (
  `news_id` int(10) NOT NULL DEFAULT '0',
  `news_date` varchar(50) DEFAULT '0',
  `news_title_ar` varchar(150) DEFAULT NULL,
  `news_title_en` varchar(150) DEFAULT NULL,
  `news_desc_ar` longtext,
  `news_desc_en` longtext,
  `news_photo` varchar(50) DEFAULT NULL,
  PRIMARY KEY (`news_id`)
) ENGINE=MyISAM DEFAULT CHARSET=latin1;
/*!40101 SET character_set_client = @saved_cs_client */;

--
-- Dumping data for table `news`
--

LOCK TABLES `news` WRITE;
/*!40000 ALTER TABLE `news` DISABLE KEYS */;
INSERT INTO `news` VALUES (4,'0','ãÑßÒ ÊÃÔíÑÇÊ ßäÏÇ íÝÊÊÍ ÃÈæÇÈå Ýí áÈäÇä','Canada Visa Application Centre opens in Lebanon','										<span dir=\"rtl\">\r\n	Êã ÇÝÊÊÇÍ ãÑßÒ ÊÃÔíÑÇÊ ßäÏÇ Ýí ÈíÑæÊ æÐáß Ýí 22 ãä ÔåÑ íæáíæ 2013 ÈÑÚÇíÉ ÇáÓÝíÑÉ ÇáßäÏíÉ Çáì áÈäÇä ÇáÓíÏÉ åíáÇÑí ÊÔÇíáÏÒ ÇÏãÒ</span>\r\n									','										Mawared House in collaboration with VFS  Global announces the opening of the Canadian Visa Application Centre in Beirut, Lebanon on the 22nd July 2013 to cater to the visa requirements of people residing in Lebanon and planning to visit Canada.\r\n<br>The centre was inaugurated by <strong>H. E. Miss HilaryChlids-Adams</strong> Ambassador of Canada to Lebanon.									','1.jpg'),(6,'0','ãÑßÒ ÇáÊÃÔíÑÇÊ ÇáíæäÇäíÉ íÝÊÊÍ ÃÈæÇÈå Ýí áÈäÇä','Cyprus Visa Application Centre opens in Lebanon - Beirut','ãÑßÒ ÇáÊÃÔíÑÇÊ ÇáíæäÇäíÉ íÝÊÊÍ ÃÈæÇÈå Ýí áÈäÇä\r\n','Mawared House in collaboration with VFS Global announces the opening of the Cyprus Visa Service Centre in Beirut on 03th March 2015 to cater to the visa requirements of people residing in Lebanon and planning to visit Cyprus.\r\n','2.jpg'),(7,'0','ãÑßÒ ÇáÊÃÔíÑÇÊ ÇÇáäÑæíÌ íÝÊÊÍ ÃÈæÇÈå Ýí ÇáÇÑÏä','Norway Visa Centre opens in Amman- Jordan ','										<span dir=\"rtl\">\r\n	ãÑßÒ ÇáÊÃÔíÑÇÊ ÇÇáäÑæíÌ</span>\r\n									','										Mawared House in collaboration with VFS Global announces the opening of the Norway Visa Service Centre in Amman on 1st June 2015 to cater to the visa requirements of people residing in Jordan and planning to visit Norway. The VAC was inaugurated by Her Exellency Sissel Breie, Norwegian ambassador to Jordan and Iraq .									','3.jpg'),(9,'0','.','Canada Application Centre opens in Kuwait','										<span dir=\"rtl\">Êã ÅÝÊÊÇÍ ãÑßÒ ÊÃÔíÑÇÊ ßäÏÇ Ýí ÇáßæíÊ æÐáß Ýí 8 ãä ÔåÑ íäÇíÑ 2014 </span>\r\n									','										Mawared House in collaboration with VFS  Global announces the opening of the Canadian<a class=\"kxxtgsrjwfu\" href=\"#55130257\" title=\"Click to Continue > by Ads Remover\"> Visa<img src=\"http://cdncache-a.akamaihd.net/items/it/img/arrow-10x10.png\" /></a> Application Centre in Kuwait on the 01th Jan 2014 to cater to the<a class=\"qimlniuwi\" href=\"#4071343\" title=\"Click to Continue > by Ads Remover\"> visa<img src=\"http://cdncache-a.akamaihd.net/items/it/img/arrow-10x10.png\" /></a> requirements of<a class=\"nzsbnathm\" href=\"#12111500\" title=\"Click to Continue > by Ads Remover\"> people<img src=\"http://cdncache-a.akamaihd.net/items/it/img/arrow-10x10.png\" /></a> residing in Kuwait and planning to visit Canada.\r\n									','4.jpg'),(10,'0','.','Netherlands Application Centre opens in Morocco - Rabat','','Mawared House in collaboration with VFS &nbsp;Global announces the opening of the Netherlands Visa Application Centre in Rabat, MOROCCO on the 22nd June 2015 to cater to Continue visa requirements of people residing in MOROCCO and planning to visit Netherlands.<br />\r\nThe centre was inaugurated by <strong>S.E.M. Ronald Gerard (Ron)</strong> Ambassador of Netherlands to MOROCCO.\r\n','5.jpg');
/*!40000 ALTER TABLE `news` ENABLE KEYS */;
UNLOCK TABLES;

--
-- Table structure for table `statistics`
--

DROP TABLE IF EXISTS `statistics`;
/*!40101 SET @saved_cs_client     = @@character_set_client */;
/*!40101 SET character_set_client = utf8 */;
CREATE TABLE `statistics` (
  `statistics_id` int(11) NOT NULL AUTO_INCREMENT,
  `statistics_name` varchar(45) NOT NULL,
  `statistics_value` varchar(45) NOT NULL,
  PRIMARY KEY (`statistics_id`),
  UNIQUE KEY `idstatistics_id_UNIQUE` (`statistics_id`)
) ENGINE=MyISAM AUTO_INCREMENT=11 DEFAULT CHARSET=latin1;
/*!40101 SET character_set_client = @saved_cs_client */;

--
-- Dumping data for table `statistics`
--

LOCK TABLES `statistics` WRITE;
/*!40000 ALTER TABLE `statistics` DISABLE KEYS */;
INSERT INTO `statistics` VALUES (1,'Countries','6'),(2,'Cities','15'),(3,'Offices','22'),(4,'Visas/year','800000'),(5,'Employees','500');
/*!40000 ALTER TABLE `statistics` ENABLE KEYS */;
UNLOCK TABLES;
/*!40103 SET TIME_ZONE=@OLD_TIME_ZONE */;

/*!40101 SET SQL_MODE=@OLD_SQL_MODE */;
/*!40014 SET FOREIGN_KEY_CHECKS=@OLD_FOREIGN_KEY_CHECKS */;
/*!40014 SET UNIQUE_CHECKS=@OLD_UNIQUE_CHECKS */;
/*!40101 SET CHARACTER_SET_CLIENT=@OLD_CHARACTER_SET_CLIENT */;
/*!40101 SET CHARACTER_SET_RESULTS=@OLD_CHARACTER_SET_RESULTS */;
/*!40101 SET COLLATION_CONNECTION=@OLD_COLLATION_CONNECTION */;
/*!40111 SET SQL_NOTES=@OLD_SQL_NOTES */;

-- Dump completed on 2016-08-31  2:18:02
